-- phpMyAdmin SQL Dump
-- version 5.2.1
-- https://www.phpmyadmin.net/
--
-- Host: 127.0.0.1
-- Waktu pembuatan: 21 Bulan Mei 2025 pada 12.09
-- Versi server: 10.4.32-MariaDB
-- Versi PHP: 8.0.30

SET SQL_MODE = "NO_AUTO_VALUE_ON_ZERO";
START TRANSACTION;
SET time_zone = "+00:00";


/*!40101 SET @OLD_CHARACTER_SET_CLIENT=@@CHARACTER_SET_CLIENT */;
/*!40101 SET @OLD_CHARACTER_SET_RESULTS=@@CHARACTER_SET_RESULTS */;
/*!40101 SET @OLD_COLLATION_CONNECTION=@@COLLATION_CONNECTION */;
/*!40101 SET NAMES utf8mb4 */;

--
-- Database: `toko_vans`
--

-- --------------------------------------------------------

--
-- Struktur dari tabel `customers`
--

CREATE TABLE `customers` (
  `customer_id` char(36) NOT NULL,
  `name` varchar(100) DEFAULT NULL,
  `email` varchar(100) DEFAULT NULL,
  `password` varchar(255) DEFAULT NULL,
  `address` text DEFAULT NULL,
  `phone` varchar(20) DEFAULT NULL,
  `profile_picture` varchar(255) DEFAULT NULL,
  `created_at` timestamp NOT NULL DEFAULT current_timestamp()
) ENGINE=InnoDB DEFAULT CHARSET=utf8mb4 COLLATE=utf8mb4_general_ci;

--
-- Dumping data untuk tabel `customers`
--

INSERT INTO `customers` (`customer_id`, `name`, `email`, `password`, `address`, `phone`, `profile_picture`, `created_at`) VALUES
('0061e4ce-45b1-4c5d-b46d-dc74a2e94d8a', 'Customer 21', 'customer21@example.com', 'password123', 'Address 21, City, Country', '+621234567821', 'profile21.jpg', '2025-05-04 12:52:32'),
('00bc95cb-9b5d-4355-993e-af2fb89d8e63', 'Customer 49', 'customer49@example.com', 'password123', 'Address 49, City, Country', '+621234567849', 'profile49.jpg', '2025-05-04 12:52:32'),
('021e953a-28e7-11f0-a78e-cc28aa17ee40', 'Rangga Aditya Saputra', '123@tes.com', '$2y$10$4lhaXbRw8JFA4sp8nbmFG.9rfdcyMiWLt9LBelTxJXHtfVmq8eO9m', 'Jl. Testing', '085245578625', 'uploads/profiles/68186bd7bded5_DMT00842 (1).jpg', '2025-05-04 12:55:08'),
('04f25ab2-64ae-459c-886f-56b9347462ca', 'Customer 59', 'customer59@example.com', 'password123', 'Address 59, City, Country', '+621234567859', 'profile59.jpg', '2025-05-04 12:52:32'),
('075f9a18-de61-4c90-afbd-0930b450bb06', 'Customer 73', 'customer73@example.com', 'password123', 'Address 73, City, Country', '+621234567873', 'profile73.jpg', '2025-05-04 12:52:32'),
('07e9bbe6-4e00-4406-a0cb-175f4176635b', 'Customer 38', 'customer38@example.com', 'password38', 'Address 38', '081234567838', 'profile38.jpg', '2025-05-05 07:29:59'),
('07f34068-3045-42f7-bb19-d911bb759467', 'Customer 3', 'customer3@example.com', 'password123', 'Address 3, City, Country', '+621234567803', 'profile3.jpg', '2025-05-04 12:52:32'),
('08dc7649-4a51-405b-bded-0b9b924fc342', 'Customer 43', 'customer43@example.com', 'password123', 'Address 43, City, Country', '+621234567843', 'profile43.jpg', '2025-05-04 12:52:32'),
('0a0bcc29-b330-4073-b60b-a86ccb000094', 'Customer 14', 'customer14@example.com', 'password14', 'Address 14', '081234567814', 'profile14.jpg', '2025-05-05 07:29:59'),
('0a35ecd4-debe-480c-8b33-b074f3c8bfac', 'Customer 65', 'customer65@example.com', 'password123', 'Address 65, City, Country', '+621234567865', 'profile65.jpg', '2025-05-04 12:52:32'),
('0c15154e-55ef-4bc2-8253-10c88cf690ee', 'Customer 15', 'customer15@example.com', 'password123', 'Address 15, City, Country', '+621234567815', 'profile15.jpg', '2025-05-04 12:52:32'),
('14a6ccdb-6866-4756-9c05-d2302527c1df', 'Customer 91', 'customer91@example.com', 'password123', 'Address 91, City, Country', '+621234567891', 'profile91.jpg', '2025-05-04 12:52:32'),
('14c4e8cd-f973-4243-a65f-dc24d78faedf', 'Customer 7', 'customer7@example.com', 'password123', 'Address 7, City, Country', '+621234567807', 'profile7.jpg', '2025-05-04 12:52:32'),
('16817a12-4096-4cb6-8715-717dc8943582', 'Customer 63', 'customer63@example.com', 'password123', 'Address 63, City, Country', '+621234567863', 'profile63.jpg', '2025-05-04 12:52:32'),
('193e0676-a7d4-40c4-bcd4-f5dc83ea6097', 'Customer 10', 'customer10@example.com', 'password123', 'Address 10, City, Country', '+621234567810', 'profile10.jpg', '2025-05-04 12:52:32'),
('1a45e840-4909-40ca-a7d2-3dc683ee474a', 'Customer 78', 'customer78@example.com', 'password123', 'Address 78, City, Country', '+621234567878', 'profile78.jpg', '2025-05-04 12:52:32'),
('1ba93526-80c1-4180-9a92-9ac7ecf7fd4b', 'Customer 81', 'customer81@example.com', 'password123', 'Address 81, City, Country', '+621234567881', 'profile81.jpg', '2025-05-04 12:52:32'),
('1c32b6e5-bdeb-4ac1-abef-0eaeb5ff9ba3', 'Customer 21', 'customer21@example.com', 'password21', 'Address 21', '081234567821', 'profile21.jpg', '2025-05-05 07:29:59'),
('1dfff41b-85b9-4a7a-a0ad-e024ba9c4f92', 'Customer 36', 'customer36@example.com', 'password36', 'Address 36', '081234567836', 'profile36.jpg', '2025-05-05 07:29:59'),
('1e0dddb2-3bfd-4488-87e3-b1d71217a41a', 'Customer 87', 'customer87@example.com', 'password123', 'Address 87, City, Country', '+621234567887', 'profile87.jpg', '2025-05-04 12:52:32'),
('1f94b6fe-4ef1-4841-b114-aee6e02a8f99', 'Customer 1', 'customer1@example.com', 'password1', 'Address 1', '081234567801', 'profile1.jpg', '2025-05-05 07:29:59'),
('24fabede-e157-4ade-b559-230b064b9ff3', 'Customer 25', 'customer25@example.com', 'password123', 'Address 25, City, Country', '+621234567825', 'profile25.jpg', '2025-05-04 12:52:32'),
('25c3aae7-dc4b-4dbd-996e-fb8f3043ba1a', 'Customer 37', 'customer37@example.com', 'password37', 'Address 37', '081234567837', 'profile37.jpg', '2025-05-05 07:29:59'),
('28763317-271f-4702-9609-617f1dfe351f', 'Customer 60', 'customer60@example.com', 'password123', 'Address 60, City, Country', '+621234567860', 'profile60.jpg', '2025-05-04 12:52:32'),
('2af3ec4a-45c2-4463-af58-7b0c3c24b438', 'Customer 24', 'customer24@example.com', 'password123', 'Address 24, City, Country', '+621234567824', 'profile24.jpg', '2025-05-04 12:52:32'),
('2ce7d1ed-72b5-41c4-b135-25ce85213f67', 'Customer 41', 'customer41@example.com', 'password41', 'Address 41', '081234567841', 'profile41.jpg', '2025-05-05 07:29:59'),
('319449f1-b7eb-4ebd-bb51-c3bd8637a5bd', 'Customer 12', 'customer12@example.com', 'password12', 'Address 12', '081234567812', 'profile12.jpg', '2025-05-05 07:29:59'),
('3658cef5-00f0-4119-bfae-07098c06ad0c', 'Customer 75', 'customer75@example.com', 'password123', 'Address 75, City, Country', '+621234567875', 'profile75.jpg', '2025-05-04 12:52:32'),
('38cff594-142d-47f9-acba-16c6747ef49c', 'Customer 79', 'customer79@example.com', 'password123', 'Address 79, City, Country', '+621234567879', 'profile79.jpg', '2025-05-04 12:52:32'),
('3a2fe49f-af8c-490f-89a0-b37e1f305d8a', 'Customer 40', 'customer40@example.com', 'password123', 'Address 40, City, Country', '+621234567840', 'profile40.jpg', '2025-05-04 12:52:32'),
('3a7b24d2-81ae-4501-8836-a932cbdb2c5e', 'Customer 22', 'customer22@example.com', 'password22', 'Address 22', '081234567822', 'profile22.jpg', '2025-05-05 07:29:59'),
('3b83cb94-672e-4949-85ba-c4ad67f20683', 'Customer 88', 'customer88@example.com', 'password123', 'Address 88, City, Country', '+621234567888', 'profile88.jpg', '2025-05-04 12:52:32'),
('3bf43bae-e10d-4be2-a68c-3971614eae4e', 'Customer 11', 'customer11@example.com', 'password123', 'Address 11, City, Country', '+621234567811', 'profile11.jpg', '2025-05-04 12:52:32'),
('3de28a90-1ced-44c7-b2f2-b098fa26a3de', 'Customer 27', 'customer27@example.com', 'password27', 'Address 27', '081234567827', 'profile27.jpg', '2025-05-05 07:29:59'),
('3e6de4e2-fe40-4491-af62-20fe5a8ecf43', 'Customer 9', 'customer9@example.com', 'password123', 'Address 9, City, Country', '+621234567809', 'profile9.jpg', '2025-05-04 12:52:32'),
('3ffd39dc-e65b-41b0-b2ab-05d80d1a20ea', 'Customer 51', 'customer51@example.com', 'password123', 'Address 51, City, Country', '+621234567851', 'profile51.jpg', '2025-05-04 12:52:32'),
('42cf7d62-e1a9-451f-be05-c15591248f31', 'Customer 90', 'customer90@example.com', 'password123', 'Address 90, City, Country', '+621234567890', 'profile90.jpg', '2025-05-04 12:52:32'),
('47f8db07-e3fc-44e9-94ed-2fa9b33fb0fa', 'Customer 7', 'customer7@example.com', 'password7', 'Address 7', '081234567807', 'profile7.jpg', '2025-05-05 07:29:59'),
('494a2ac0-4d73-4b37-b5eb-259880026300', 'Customer 9', 'customer9@example.com', 'password9', 'Address 9', '081234567809', 'profile9.jpg', '2025-05-05 07:29:59'),
('4959edb2-843f-4d29-86c7-80e22cb7f341', 'Customer 97', 'customer97@example.com', 'password123', 'Address 97, City, Country', '+621234567897', 'profile97.jpg', '2025-05-04 12:52:32'),
('4c217f82-411c-4c00-be46-d577d1ffd735', 'Customer 37', 'customer37@example.com', 'password123', 'Address 37, City, Country', '+621234567837', 'profile37.jpg', '2025-05-04 12:52:32'),
('4df2677c-fb0c-4d90-9982-cee7cb3b758c', 'Customer 82', 'customer82@example.com', 'password123', 'Address 82, City, Country', '+621234567882', 'profile82.jpg', '2025-05-04 12:52:32'),
('4e61be6f-ef4f-4f79-b096-f9a72586c8c8', 'Customer 35', 'customer35@example.com', 'password123', 'Address 35, City, Country', '+621234567835', 'profile35.jpg', '2025-05-04 12:52:32'),
('50f83fcd-a014-4dec-bf92-a0ff9fe123c3', 'Customer 42', 'customer42@example.com', 'password42', 'Address 42', '081234567842', 'profile42.jpg', '2025-05-05 07:29:59'),
('51ceece4-ea1e-425c-a84f-9f4edd49803e', 'Customer 27', 'customer27@example.com', 'password123', 'Address 27, City, Country', '+621234567827', 'profile27.jpg', '2025-05-04 12:52:32'),
('53aa5ef8-252a-4424-8018-a5c671a0019a', 'Customer 98', 'customer98@example.com', 'password123', 'Address 98, City, Country', '+621234567898', 'profile98.jpg', '2025-05-04 12:52:32'),
('54555173-8bf2-434c-bfd2-920d20869069', 'Customer 19', 'customer19@example.com', 'password19', 'Address 19', '081234567819', 'profile19.jpg', '2025-05-05 07:29:59'),
('56644176-03d0-44bf-aac4-b4b0b1138f1b', 'Customer 15', 'customer15@example.com', 'password15', 'Address 15', '081234567815', 'profile15.jpg', '2025-05-05 07:29:59'),
('57d2b7a2-66b3-4673-ac0f-93f788d41b17', 'Customer 61', 'customer61@example.com', 'password123', 'Address 61, City, Country', '+621234567861', 'profile61.jpg', '2025-05-04 12:52:32'),
('5a96eda3-0cce-40bd-81be-7cd01e36ec50', 'Customer 18', 'customer18@example.com', 'password18', 'Address 18', '081234567818', 'profile18.jpg', '2025-05-05 07:29:59'),
('5be767f5-e7a2-46d3-aaba-f9c5e59d6e63', 'Customer 74', 'customer74@example.com', 'password123', 'Address 74, City, Country', '+621234567874', 'profile74.jpg', '2025-05-04 12:52:32'),
('5ea3ad49-6e59-4ed6-b15a-69f259b7aa03', 'Customer 31', 'customer31@example.com', 'password123', 'Address 31, City, Country', '+621234567831', 'profile31.jpg', '2025-05-04 12:52:32'),
('5fecb17a-d8c2-4927-a1e9-dd27b933ff4c', 'Customer 34', 'customer34@example.com', 'password123', 'Address 34, City, Country', '+621234567834', 'profile34.jpg', '2025-05-04 12:52:32'),
('601c1afe-847c-44f3-a275-606517a4aead', 'Customer 56', 'customer56@example.com', 'password123', 'Address 56, City, Country', '+621234567856', 'profile56.jpg', '2025-05-04 12:52:32'),
('6105e43d-fd26-4737-97d8-939521dbde30', 'Customer 3', 'customer3@example.com', 'password3', 'Address 3', '081234567803', 'profile3.jpg', '2025-05-05 07:29:59'),
('62e87a68-5c65-4d95-9cd8-2f032bc33c3e', 'Customer 66', 'customer66@example.com', 'password123', 'Address 66, City, Country', '+621234567866', 'profile66.jpg', '2025-05-04 12:52:32'),
('6946fb31-b989-46b1-a609-eb30e632e0d6', 'Customer 20', 'customer20@example.com', 'password123', 'Address 20, City, Country', '+621234567820', 'profile20.jpg', '2025-05-04 12:52:32'),
('6a3e2f6e-4f0a-408e-b72a-43299c07e610', 'Customer 26', 'customer26@example.com', 'password123', 'Address 26, City, Country', '+621234567826', 'profile26.jpg', '2025-05-04 12:52:32'),
('6accc6cc-f6b8-41db-a656-ec07e3f5397f', 'Customer 77', 'customer77@example.com', 'password123', 'Address 77, City, Country', '+621234567877', 'profile77.jpg', '2025-05-04 12:52:32'),
('6eaff3b1-4308-4437-a92d-de11211a5727', 'Customer 50', 'customer50@example.com', 'password50', 'Address 50', '081234567850', 'profile50.jpg', '2025-05-05 07:29:59'),
('6fa72b6d-2098-4276-8991-47a435c49bd3', 'Customer 30', 'customer30@example.com', 'password30', 'Address 30', '081234567830', 'profile30.jpg', '2025-05-05 07:29:59'),
('6fd41416-893b-4808-94fa-e410dffdbcb1', 'Customer 17', 'customer17@example.com', 'password17', 'Address 17', '081234567817', 'profile17.jpg', '2025-05-05 07:29:59'),
('712f46d2-681e-4e8f-951c-ac4cc90a687e', 'Customer 44', 'customer44@example.com', 'password123', 'Address 44, City, Country', '+621234567844', 'profile44.jpg', '2025-05-04 12:52:32'),
('738ccc2a-7d78-4d8d-b7bf-73c133ea2656', 'Customer 45', 'customer45@example.com', 'password123', 'Address 45, City, Country', '+621234567845', 'profile45.jpg', '2025-05-04 12:52:32'),
('7549ba36-8a30-49eb-9d60-e5c2a9fd1767', 'Customer 55', 'customer55@example.com', 'password123', 'Address 55, City, Country', '+621234567855', 'profile55.jpg', '2025-05-04 12:52:32'),
('756bad52-6818-4030-8d34-f495b929e156', 'Customer 24', 'customer24@example.com', 'password24', 'Address 24', '081234567824', 'profile24.jpg', '2025-05-05 07:29:59'),
('77fd3aa9-fc63-4e25-bfbb-8ec94dedb815', 'Customer 33', 'customer33@example.com', 'password123', 'Address 33, City, Country', '+621234567833', 'profile33.jpg', '2025-05-04 12:52:32'),
('796b7186-5529-44f2-8094-fa7408c5b146', 'Customer 95', 'customer95@example.com', 'password123', 'Address 95, City, Country', '+621234567895', 'profile95.jpg', '2025-05-04 12:52:32'),
('7a821943-0932-44bf-90de-1d828f64ae71', 'Customer 80', 'customer80@example.com', 'password123', 'Address 80, City, Country', '+621234567880', 'profile80.jpg', '2025-05-04 12:52:32'),
('7ced1e01-70ee-4a94-bb59-871e7274cb72', 'Customer 4', 'customer4@example.com', 'password4', 'Address 4', '081234567804', 'profile4.jpg', '2025-05-05 07:29:59'),
('7e245376-a42b-4f1a-8d22-108b222a25f3', 'Customer 94', 'customer94@example.com', 'password123', 'Address 94, City, Country', '+621234567894', 'profile94.jpg', '2025-05-04 12:52:32'),
('7f827d4a-92c8-4320-8872-5b2ec2283819', 'Customer 39', 'customer39@example.com', 'password39', 'Address 39', '081234567839', 'profile39.jpg', '2025-05-05 07:29:59'),
('7fe272d1-3f8c-4f6a-af60-7de581e5b5e2', 'Customer 32', 'customer32@example.com', 'password123', 'Address 32, City, Country', '+621234567832', 'profile32.jpg', '2025-05-04 12:52:32'),
('84daa492-b037-482e-99ee-840485b3a9ab', 'Customer 12', 'customer12@example.com', 'password123', 'Address 12, City, Country', '+621234567812', 'profile12.jpg', '2025-05-04 12:52:32'),
('86d094bc-7daf-4bc1-9f07-d483599634f4', 'Customer 93', 'customer93@example.com', 'password123', 'Address 93, City, Country', '+621234567893', 'profile93.jpg', '2025-05-04 12:52:32'),
('879c9901-b266-4104-9661-0fb66430fefe', 'Customer 76', 'customer76@example.com', 'password123', 'Address 76, City, Country', '+621234567876', 'profile76.jpg', '2025-05-04 12:52:32'),
('8a397c5c-e2c3-46aa-b43d-2b3b455bf165', 'Customer 1', 'customer1@example.com', 'password123', 'Address 1, City, Country', '+621234567801', 'profile1.jpg', '2025-05-04 12:52:32'),
('8aabd5f6-06d5-408b-b53c-ff763f2eea2b', 'Customer 100', 'customer100@example.com', 'password123', 'Address 100, City, Country', '+6212345678100', 'profile100.jpg', '2025-05-04 12:52:32'),
('8ee76870-7d03-467e-abd7-74f041a5d4a0', 'Customer 47', 'customer47@example.com', 'password47', 'Address 47', '081234567847', 'profile47.jpg', '2025-05-05 07:29:59'),
('906eb218-5da8-4a78-be8a-ce64c33a328c', 'Customer 58', 'customer58@example.com', 'password123', 'Address 58, City, Country', '+621234567858', 'profile58.jpg', '2025-05-04 12:52:32'),
('924bbd3e-f8ab-4206-a3fd-e68e643f457f', 'Customer 6', 'customer6@example.com', 'password123', 'Address 6, City, Country', '+621234567806', 'profile6.jpg', '2025-05-04 12:52:32'),
('952efb49-5945-463d-8327-31b9d8b8bb9b', 'Customer 54', 'customer54@example.com', 'password123', 'Address 54, City, Country', '+621234567854', 'profile54.jpg', '2025-05-04 12:52:32'),
('96bacede-4ac0-45ef-b9bb-e9104c63d369', 'Customer 20', 'customer20@example.com', 'password20', 'Address 20', '081234567820', 'profile20.jpg', '2025-05-05 07:29:59'),
('9afa192b-b814-42d2-9708-879066d682de', 'Customer 42', 'customer42@example.com', 'password123', 'Address 42, City, Country', '+621234567842', 'profile42.jpg', '2025-05-04 12:52:32'),
('a0785931-f8fb-4d8d-a7df-99392c9d3d4f', 'Customer 45', 'customer45@example.com', 'password45', 'Address 45', '081234567845', 'profile45.jpg', '2025-05-05 07:29:59'),
('a1860310-488b-4f89-99b2-ff081eefdd10', 'Customer 43', 'customer43@example.com', 'password43', 'Address 43', '081234567843', 'profile43.jpg', '2025-05-05 07:29:59'),
('a233c021-6091-4389-bd8d-f03f75e066e3', 'Customer 13', 'customer13@example.com', 'password13', 'Address 13', '081234567813', 'profile13.jpg', '2025-05-05 07:29:59'),
('a278299d-01fd-44a6-b97b-fe76807958fc', 'Customer 2', 'customer2@example.com', 'password2', 'Address 2', '081234567802', 'profile2.jpg', '2025-05-05 07:29:59'),
('a2a87bf5-73e3-42e4-9dc3-f8a1a0673915', 'Customer 5', 'customer5@example.com', 'password123', 'Address 5, City, Country', '+621234567805', 'profile5.jpg', '2025-05-04 12:52:32'),
('a2fb9e3f-58d9-4386-a641-17ec708887c0', 'Customer 44', 'customer44@example.com', 'password44', 'Address 44', '081234567844', 'profile44.jpg', '2025-05-05 07:29:59'),
('a618e506-e0cc-4bd2-8b72-d6361b0e10b8', 'Customer 62', 'customer62@example.com', 'password123', 'Address 62, City, Country', '+621234567862', 'profile62.jpg', '2025-05-04 12:52:32'),
('a6233558-d3ec-4f13-9ad1-d50aab4ffe3b', 'Customer 57', 'customer57@example.com', 'password123', 'Address 57, City, Country', '+621234567857', 'profile57.jpg', '2025-05-04 12:52:32'),
('a7405c3a-0279-4a3c-b22a-da350bdf6c49', 'Customer 8', 'customer8@example.com', 'password123', 'Address 8, City, Country', '+621234567808', 'profile8.jpg', '2025-05-04 12:52:32'),
('a9ab1952-78f8-409d-a2ab-b38b438741a5', 'Customer 53', 'customer53@example.com', 'password123', 'Address 53, City, Country', '+621234567853', 'profile53.jpg', '2025-05-04 12:52:32'),
('ab073bef-bd36-4610-b068-3dc7b386c775', 'Customer 13', 'customer13@example.com', 'password123', 'Address 13, City, Country', '+621234567813', 'profile13.jpg', '2025-05-04 12:52:32'),
('ae069fa4-f57b-4dca-9eb3-2c996e2b342c', 'Customer 22', 'customer22@example.com', 'password123', 'Address 22, City, Country', '+621234567822', 'profile22.jpg', '2025-05-04 12:52:32'),
('afaf05ff-0d73-43c0-92a6-6143f42d6106', 'Customer 40', 'customer40@example.com', 'password40', 'Address 40', '081234567840', 'profile40.jpg', '2025-05-05 07:29:59'),
('b011837e-779c-4227-b078-8ab902d4b735', 'Customer 49', 'customer49@example.com', 'password49', 'Address 49', '081234567849', 'profile49.jpg', '2025-05-05 07:29:59'),
('b02e812d-2073-4314-921b-8df925f35a59', 'Customer 28', 'customer28@example.com', 'password28', 'Address 28', '081234567828', 'profile28.jpg', '2025-05-05 07:29:59'),
('b0aca1a0-41c8-46f5-8df4-80427b0b14f5', 'Customer 29', 'customer29@example.com', 'password29', 'Address 29', '081234567829', 'profile29.jpg', '2025-05-05 07:29:59'),
('b1572d6a-ebef-4e1e-a412-9582080fc51d', 'Customer 36', 'customer36@example.com', 'password123', 'Address 36, City, Country', '+621234567836', 'profile36.jpg', '2025-05-04 12:52:32'),
('b16b705e-4168-43bc-bd73-00f569e45d3c', 'Customer 41', 'customer41@example.com', 'password123', 'Address 41, City, Country', '+621234567841', 'profile41.jpg', '2025-05-04 12:52:32'),
('b3e55795-5c49-477d-95f6-93f746668cfd', 'Customer 14', 'customer14@example.com', 'password123', 'Address 14, City, Country', '+621234567814', 'profile14.jpg', '2025-05-04 12:52:32'),
('b4791530-8375-42d3-8c49-840857fca990', 'Customer 2', 'customer2@example.com', 'password123', 'Address 2, City, Country', '+621234567802', 'profile2.jpg', '2025-05-04 12:52:32'),
('b608ea89-194f-4515-8a94-118e2b7d7a76', 'Customer 86', 'customer86@example.com', 'password123', 'Address 86, City, Country', '+621234567886', 'profile86.jpg', '2025-05-04 12:52:32'),
('b61e0e00-f332-459d-90b9-cd27e6f590e0', 'Customer 68', 'customer68@example.com', 'password123', 'Address 68, City, Country', '+621234567868', 'profile68.jpg', '2025-05-04 12:52:32'),
('b726ea0f-8aa8-4b70-8cf6-fb9dcde12d6e', 'Customer 26', 'customer26@example.com', 'password26', 'Address 26', '081234567826', 'profile26.jpg', '2025-05-05 07:29:59'),
('b913ac94-c0c8-4e11-a4ba-ef619ebed400', 'Customer 23', 'customer23@example.com', 'password23', 'Address 23', '081234567823', 'profile23.jpg', '2025-05-05 07:29:59'),
('b9582b54-46ac-4d84-b0a4-9878e20ee59a', 'Customer 29', 'customer29@example.com', 'password123', 'Address 29, City, Country', '+621234567829', 'profile29.jpg', '2025-05-04 12:52:32'),
('bc35ac01-a19b-49e9-aca5-2daa96ebc0fa', 'Customer 46', 'customer46@example.com', 'password123', 'Address 46, City, Country', '+621234567846', 'profile46.jpg', '2025-05-04 12:52:32'),
('bf5b1e05-a815-4fd3-a58d-68a81b44a478', 'Customer 96', 'customer96@example.com', 'password123', 'Address 96, City, Country', '+621234567896', 'profile96.jpg', '2025-05-04 12:52:32'),
('c15b38a3-745d-4213-8799-4cc17db1437c', 'Customer 92', 'customer92@example.com', 'password123', 'Address 92, City, Country', '+621234567892', 'profile92.jpg', '2025-05-04 12:52:32'),
('c2f6cb7c-bd32-48a6-83ea-6f125b982d8e', 'Customer 5', 'customer5@example.com', 'password5', 'Address 5', '081234567805', 'profile5.jpg', '2025-05-05 07:29:59'),
('c3eff572-6cfc-4241-b6b2-27d77c41b52c', 'Customer 4', 'customer4@example.com', 'password123', 'Address 4, City, Country', '+621234567804', 'profile4.jpg', '2025-05-04 12:52:32'),
('c5836f67-68e4-4707-afda-d20fc4f4e562', 'Customer 83', 'customer83@example.com', 'password123', 'Address 83, City, Country', '+621234567883', 'profile83.jpg', '2025-05-04 12:52:32'),
('c7de340a-9aa0-4a6b-bf61-92a1180e4808', 'Customer 52', 'customer52@example.com', 'password123', 'Address 52, City, Country', '+621234567852', 'profile52.jpg', '2025-05-04 12:52:32'),
('cad8728e-e3ea-41a9-9d83-520d593c4dd7', 'Customer 28', 'customer28@example.com', 'password123', 'Address 28, City, Country', '+621234567828', 'profile28.jpg', '2025-05-04 12:52:32'),
('cb4d7c11-0000-4dd4-b26d-b26392e7edc3', 'Customer 72', 'customer72@example.com', 'password123', 'Address 72, City, Country', '+621234567872', 'profile72.jpg', '2025-05-04 12:52:32'),
('cfa772f6-3b3a-400e-9a75-e4aa994cf673', 'Customer 34', 'customer34@example.com', 'password34', 'Address 34', '081234567834', 'profile34.jpg', '2025-05-05 07:29:59'),
('d001c253-cd0f-4672-bfef-185de388c54e', 'Customer 33', 'customer33@example.com', 'password33', 'Address 33', '081234567833', 'profile33.jpg', '2025-05-05 07:29:59'),
('d0c9a239-f111-45ac-994e-9d00fe044a3d', 'Customer 23', 'customer23@example.com', 'password123', 'Address 23, City, Country', '+621234567823', 'profile23.jpg', '2025-05-04 12:52:32'),
('d156ba3b-714d-4807-b899-c7e3a455b58a', 'Customer 10', 'customer10@example.com', 'password10', 'Address 10', '081234567810', 'profile10.jpg', '2025-05-05 07:29:59'),
('d20b4cca-ba44-44ba-adfa-9e19b14e277b', 'Customer 18', 'customer18@example.com', 'password123', 'Address 18, City, Country', '+621234567818', 'profile18.jpg', '2025-05-04 12:52:32'),
('d2acd19e-b3b3-4e5a-9aac-af4740d95c3e', 'Customer 46', 'customer46@example.com', 'password46', 'Address 46', '081234567846', 'profile46.jpg', '2025-05-05 07:29:59'),
('d4839a2b-19aa-49ff-923a-9771c7f25fe6', 'Customer 48', 'customer48@example.com', 'password123', 'Address 48, City, Country', '+621234567848', 'profile48.jpg', '2025-05-04 12:52:32'),
('d4bc2c83-ee6f-4380-bd9c-6f3b2ca271bb', 'Customer 30', 'customer30@example.com', 'password123', 'Address 30, City, Country', '+621234567830', 'profile30.jpg', '2025-05-04 12:52:32'),
('d4c45bfd-9765-42af-a275-ebc1a61c4ab7', 'Customer 48', 'customer48@example.com', 'password48', 'Address 48', '081234567848', 'profile48.jpg', '2025-05-05 07:29:59'),
('d7c0798f-ca9c-4019-baa3-8fa0b89ad7b0', 'Customer 47', 'customer47@example.com', 'password123', 'Address 47, City, Country', '+621234567847', 'profile47.jpg', '2025-05-04 12:52:32'),
('d9ff711f-dbd5-40e5-a91a-4f2b22d201bb', 'Customer 89', 'customer89@example.com', 'password123', 'Address 89, City, Country', '+621234567889', 'profile89.jpg', '2025-05-04 12:52:32'),
('da8fa6d6-eb05-4ac4-86e1-d3a6c1c26a76', 'Customer 39', 'customer39@example.com', 'password123', 'Address 39, City, Country', '+621234567839', 'profile39.jpg', '2025-05-04 12:52:32'),
('dba153fa-7543-490a-8c42-287ae2d6bec9', 'Customer 6', 'customer6@example.com', 'password6', 'Address 6', '081234567806', 'profile6.jpg', '2025-05-05 07:29:59'),
('dbf33ef3-06d6-4ef1-b143-aa227fd448dc', 'Customer 25', 'customer25@example.com', 'password25', 'Address 25', '081234567825', 'profile25.jpg', '2025-05-05 07:29:59'),
('de86fb17-250c-48d6-ad8c-9869130cc76e', 'Customer 35', 'customer35@example.com', 'password35', 'Address 35', '081234567835', 'profile35.jpg', '2025-05-05 07:29:59'),
('e3c200a9-736c-44e2-990c-c8a7e23315b0', 'Customer 69', 'customer69@example.com', 'password123', 'Address 69, City, Country', '+621234567869', 'profile69.jpg', '2025-05-04 12:52:32'),
('e3edb24c-f68d-4777-a3af-195f49ecc963', 'Customer 50', 'customer50@example.com', 'password123', 'Address 50, City, Country', '+621234567850', 'profile50.jpg', '2025-05-04 12:52:32'),
('e55b3880-e0cf-473f-8ff1-a9329e70fe86', 'Customer 19', 'customer19@example.com', 'password123', 'Address 19, City, Country', '+621234567819', 'profile19.jpg', '2025-05-04 12:52:32'),
('e69d8d1f-dcc7-47a4-9749-a0dd238b7158', 'Customer 8', 'customer8@example.com', 'password8', 'Address 8', '081234567808', 'profile8.jpg', '2025-05-05 07:29:59'),
('e6bd17c0-4703-4a91-bc3e-8a075b78311b', 'Customer 70', 'customer70@example.com', 'password123', 'Address 70, City, Country', '+621234567870', 'profile70.jpg', '2025-05-04 12:52:32'),
('e855d37f-e21e-42f5-aa53-47105fbb9608', 'Customer 17', 'customer17@example.com', 'password123', 'Address 17, City, Country', '+621234567817', 'profile17.jpg', '2025-05-04 12:52:32'),
('e87c082e-7a2c-42a6-996f-d7b93fabf20e', 'Customer 85', 'customer85@example.com', 'password123', 'Address 85, City, Country', '+621234567885', 'profile85.jpg', '2025-05-04 12:52:32'),
('e8b57b03-961e-4a21-9086-ff5ff6e78dcb', 'Customer 16', 'customer16@example.com', 'password16', 'Address 16', '081234567816', 'profile16.jpg', '2025-05-05 07:29:59'),
('e948f9dc-ef98-4e6b-a2d0-9eb0827a3f91', 'Customer 31', 'customer31@example.com', 'password31', 'Address 31', '081234567831', 'profile31.jpg', '2025-05-05 07:29:59'),
('ed130b2d-e1f1-4451-a1a5-c4a2a289824d', 'Customer 67', 'customer67@example.com', 'password123', 'Address 67, City, Country', '+621234567867', 'profile67.jpg', '2025-05-04 12:52:32'),
('f19d55a8-af8a-4968-9323-3aeba63ed400', 'Customer 64', 'customer64@example.com', 'password123', 'Address 64, City, Country', '+621234567864', 'profile64.jpg', '2025-05-04 12:52:32'),
('f1e046eb-5e95-4ccd-8a3d-b9134160de07', 'Customer 99', 'customer99@example.com', 'password123', 'Address 99, City, Country', '+621234567899', 'profile99.jpg', '2025-05-04 12:52:32'),
('f2887d9c-92b4-425a-83f2-cd3ffdaaa038', 'Customer 84', 'customer84@example.com', 'password123', 'Address 84, City, Country', '+621234567884', 'profile84.jpg', '2025-05-04 12:52:32'),
('f338ce97-858e-48ba-82fa-656977268626', 'Customer 32', 'customer32@example.com', 'password32', 'Address 32', '081234567832', 'profile32.jpg', '2025-05-05 07:29:59'),
('f8a69e77-3865-4271-9fe1-96acac65eccd', 'Customer 11', 'customer11@example.com', 'password11', 'Address 11', '081234567811', 'profile11.jpg', '2025-05-05 07:29:59'),
('fa4296e8-9717-4077-9f70-4be10e22448f', 'Customer 71', 'customer71@example.com', 'password123', 'Address 71, City, Country', '+621234567871', 'profile71.jpg', '2025-05-04 12:52:32'),
('fa4361d3-c7fb-458f-8b02-2f1e555bc17e', 'Customer 38', 'customer38@example.com', 'password123', 'Address 38, City, Country', '+621234567838', 'profile38.jpg', '2025-05-04 12:52:32');

-- --------------------------------------------------------

--
-- Struktur dari tabel `orders`
--

CREATE TABLE `orders` (
  `order_id` char(36) NOT NULL,
  `customer_id` char(36) DEFAULT NULL,
  `product_id` char(36) DEFAULT NULL,
  `order_date` timestamp NOT NULL DEFAULT current_timestamp(),
  `total_amount` decimal(10,2) DEFAULT NULL,
  `status` enum('pending','paid','shipped','completed','cancelled') DEFAULT NULL
) ENGINE=InnoDB DEFAULT CHARSET=utf8mb4 COLLATE=utf8mb4_general_ci;

--
-- Dumping data untuk tabel `orders`
--

INSERT INTO `orders` (`order_id`, `customer_id`, `product_id`, `order_date`, `total_amount`, `status`) VALUES
('02100afb-fe06-42fa-881a-03eb07dec77d', '7f827d4a-92c8-4320-8872-5b2ec2283819', 'bcefb270-94c6-47ff-9581-5a13947ed0c6', '2025-05-04 23:28:19', 125.34, 'shipped'),
('021ae9fe-135d-4664-87a6-b3b27cf32f45', '14c4e8cd-f973-4243-a65f-dc24d78faedf', '805ccc82-b59f-4d09-b6a4-2c6b93198cb6', '2024-05-19 05:52:12', 115.53, 'completed'),
('03d07916-4a2d-4949-9505-c05325ff92b2', '56644176-03d0-44bf-aac4-b4b0b1138f1b', '8fee82d4-104a-4a77-8b06-dda14f527524', '2025-05-02 08:24:40', 117.84, 'paid'),
('0510957f-7f15-400b-8d81-e99a5596a36c', '2ce7d1ed-72b5-41c4-b135-25ce85213f67', '8d1e21e6-f861-44ad-93c8-e1485350070f', '2025-05-02 09:52:30', 88.92, 'pending'),
('070a8540-9e81-4003-bcdf-bda8f6f2c592', 'e3edb24c-f68d-4777-a3af-195f49ecc963', '6800837d-fc84-4603-9c37-93b62794a52e', '2024-12-12 05:52:12', 433.13, 'cancelled'),
('09f96cea-c3c2-444d-93a0-953bb8ed6592', 'a2a87bf5-73e3-42e4-9dc3-f8a1a0673915', 'a3693bdc-55ed-467a-ba81-63ab2b43990e', '2025-04-02 05:52:12', 409.25, 'cancelled'),
('0a52e2fd-6bea-4c8a-867a-fe88b0941a98', '1e0dddb2-3bfd-4488-87e3-b1d71217a41a', 'd719da5b-9140-4357-9631-5458d7a977bc', '2024-05-22 05:52:12', 867.84, 'pending'),
('0a73ab1c-ca5d-4e13-9de8-559a894581cf', '57d2b7a2-66b3-4673-ac0f-93f788d41b17', '32c3160a-48af-4f84-9628-97b9753fa13a', '2024-09-06 05:52:12', 90.60, 'completed'),
('0bd895b7-9808-4d7c-9d50-40294ed7d4cc', 'cfa772f6-3b3a-400e-9a75-e4aa994cf673', '2892853e-5135-4520-b61e-35d4fd2f2e8a', '2025-05-30 19:08:38', 74.36, 'shipped'),
('10a4d2d1-6df0-4094-bcd0-ccf6705345f4', 'a2a87bf5-73e3-42e4-9dc3-f8a1a0673915', '482ab5ee-f92f-4e87-ba44-5cbfdb6e6595', '2024-07-01 05:52:12', 495.53, 'completed'),
('124d2cc4-8cd4-4a51-a9a0-93e9928a641c', '04f25ab2-64ae-459c-886f-56b9347462ca', '2406e0dc-9f08-4c8d-9531-b7f1e30da9a5', '2024-08-25 05:52:12', 672.48, 'paid'),
('12d0e983-3cdc-4256-aa49-a387be5fb664', '07e9bbe6-4e00-4406-a0cb-175f4176635b', '8d1e21e6-f861-44ad-93c8-e1485350070f', '2025-01-23 15:51:15', 88.92, 'completed'),
('133970e4-6062-4a6e-a4a3-260e3b1fccc5', '6fd41416-893b-4808-94fa-e410dffdbcb1', '2892853e-5135-4520-b61e-35d4fd2f2e8a', '2025-01-03 11:25:03', 74.36, 'shipped'),
('148c9543-35c4-4184-8f0e-809611252c0d', '0a0bcc29-b330-4073-b60b-a86ccb000094', '794a4a10-07d5-4a5d-ab1e-1681cd7a2496', '2025-01-24 06:13:16', 83.08, 'shipped'),
('14fffc4d-8151-4ead-bb22-8b3bf12842b9', 'd2acd19e-b3b3-4e5a-9aac-af4740d95c3e', 'c5ce783f-5f26-45f5-9634-58e0015bc1e2', '2025-05-04 04:39:24', 22.15, 'shipped'),
('15f13e52-dea4-4a05-932b-bc2325fc6d9e', 'afaf05ff-0d73-43c0-92a6-6143f42d6106', '5c214ffc-6d6a-4f8a-855b-8ddbfb8f3df8', '2025-05-26 21:12:23', 182.24, 'pending'),
('15f5aa0c-96f4-4056-98e6-8157eb6a860a', 'd0c9a239-f111-45ac-994e-9d00fe044a3d', 'd858adc2-d8ce-4ad0-84c8-65cd251438f5', '2024-08-18 05:52:12', 1962.96, 'pending'),
('15fff641-a13f-45aa-ada7-252777edb707', '51ceece4-ea1e-425c-a84f-9f4edd49803e', 'd719da5b-9140-4357-9631-5458d7a977bc', '2024-11-13 05:52:12', 1446.40, 'pending'),
('16df991e-efc9-49a4-9e32-834763d9005a', '14c4e8cd-f973-4243-a65f-dc24d78faedf', 'efe7837a-eaf1-493c-b72f-47df09fee48a', '2024-10-29 05:52:12', 17.49, 'pending'),
('17541f80-9105-4ce4-b900-adfb25e44e93', 'f338ce97-858e-48ba-82fa-656977268626', '07581967-3bf2-43bf-b9c5-20d02abfd63b', '2025-01-14 10:40:48', 160.52, 'completed'),
('179418f1-6c18-4d66-ba39-cf797135ce43', 'f8a69e77-3865-4271-9fe1-96acac65eccd', 'bcefb270-94c6-47ff-9581-5a13947ed0c6', '2025-05-13 02:16:10', 125.34, 'completed'),
('18a6117a-49ff-40de-890f-6ae6643439fe', 'b4791530-8375-42d3-8c49-840857fca990', '51e972c2-c636-4e7e-b98b-742c5bbb81d5', '2024-07-28 05:52:12', 693.51, 'completed'),
('1c2772b2-09b2-4083-aaa6-40459ab2eb20', '6eaff3b1-4308-4437-a92d-de11211a5727', '7d1b5c26-9941-49fb-bd38-db50864c55d3', '2025-05-04 22:48:08', 192.65, 'shipped'),
('1d1d03d6-d917-4fc2-8cd8-19fd38eed047', '8a397c5c-e2c3-46aa-b43d-2b3b455bf165', '2f4ee9f3-753f-46ee-90e0-3b0bbe8aeb45', '2024-12-21 05:52:12', 1835.90, 'completed'),
('1d5fd6cb-2a29-11f0-8535-cc28aa17ee40', '021e953a-28e7-11f0-a78e-cc28aa17ee40', '0646dd68-35c5-4b14-b391-18df5de7c675', '2025-05-06 03:20:52', 310.90, 'paid'),
('1d62a56e-95ef-4df0-93a6-358fab5592ef', '25c3aae7-dc4b-4dbd-996e-fb8f3043ba1a', 'b6cd9b22-fc4b-4d9c-b265-2a713b1c48e5', '2025-05-10 21:08:06', 40.33, 'pending'),
('1d7b4fe9-2016-4fd3-926b-06d536678e8d', 'a1860310-488b-4f89-99b2-ff081eefdd10', '97adfc03-6d04-44d0-9032-d4d6ab856916', '2025-05-21 08:19:18', 73.78, 'pending'),
('1e83fde5-840a-492a-bca7-6933516b1ec7', 'd001c253-cd0f-4672-bfef-185de388c54e', '794a4a10-07d5-4a5d-ab1e-1681cd7a2496', '2025-05-10 00:00:24', 83.08, 'completed'),
('1efba198-bba9-45bf-beb1-ecaa8a4867ab', '5fecb17a-d8c2-4927-a1e9-dd27b933ff4c', 'cbe9bccf-e6fe-40ba-a4e3-5a6052456fc7', '2025-04-25 05:52:12', 427.58, 'cancelled'),
('20c56036-c7e0-4827-bb03-f7f1a3872014', 'e948f9dc-ef98-4e6b-a2d0-9eb0827a3f91', '8d1e21e6-f861-44ad-93c8-e1485350070f', '2025-01-24 21:07:07', 88.92, 'paid'),
('215bdd60-a7b4-4dce-88f7-579dcf9d2a2a', 'b3e55795-5c49-477d-95f6-93f746668cfd', '32c3160a-48af-4f84-9628-97b9753fa13a', '2024-08-13 05:52:12', 22.65, 'cancelled'),
('21ee207d-417c-4f2b-9c49-b3a7f9d595a3', 'b1572d6a-ebef-4e1e-a412-9582080fc51d', '073dfba2-5add-4c8d-bf80-aa8483a68158', '2024-11-26 05:52:12', 145.05, 'paid'),
('21f7b633-9c3a-4b46-be49-f89492bb6d7e', 'dbf33ef3-06d6-4ef1-b143-aa227fd448dc', '18edeee2-7390-46a2-b6ae-9817c4117177', '2025-05-24 18:54:31', 131.07, 'pending'),
('24c1173b-e74e-4944-a437-184ab69e3bbd', 'b913ac94-c0c8-4e11-a4ba-ef619ebed400', '0c75efb3-a632-454a-ba7e-da213e209a89', '2025-01-15 05:24:32', 187.77, 'completed'),
('24cafb7e-773b-4eeb-97d5-64f50efcdb0d', '07f34068-3045-42f7-bb19-d911bb759467', '6d500a35-f0d6-4de2-8778-cff5b2bbccbe', '2024-08-01 05:52:12', 765.92, 'pending'),
('2523cb9f-6359-4ef9-8af0-c9cc18bba1f7', '879c9901-b266-4104-9661-0fb66430fefe', '6d500a35-f0d6-4de2-8778-cff5b2bbccbe', '2024-10-14 05:52:12', 191.48, 'paid'),
('2689962e-a295-4890-b399-943db4e445fe', '7fe272d1-3f8c-4f6a-af60-7de581e5b5e2', '482ab5ee-f92f-4e87-ba44-5cbfdb6e6595', '2025-03-17 05:52:12', 2477.65, 'completed'),
('26911500-e29f-410d-be8c-1e13001fd5d2', '5fecb17a-d8c2-4927-a1e9-dd27b933ff4c', '1640ee93-971b-4eb7-ba96-5b906b370bc2', '2024-05-18 05:52:12', 2445.90, 'completed'),
('26af2351-764f-45f6-b0d0-f7beab8f1cb3', 'ab073bef-bd36-4610-b068-3dc7b386c775', 'fdff3148-e206-4b75-bad7-fbda3df51a3e', '2024-10-02 05:52:12', 802.53, 'shipped'),
('26cd8534-354d-4447-bf6a-15f5c46cf636', 'b3e55795-5c49-477d-95f6-93f746668cfd', 'a531ffe1-e8bf-4b7d-b46e-71c0274a33c0', '2024-05-05 05:52:12', 112.05, 'pending'),
('26d6ad4f-ed2f-469e-99bb-0ca3ae98d8f5', 'e8b57b03-961e-4a21-9086-ff5ff6e78dcb', '2892853e-5135-4520-b61e-35d4fd2f2e8a', '2025-05-30 17:58:57', 74.36, 'cancelled'),
('27129e27-f670-4c79-90ae-b92084861707', 'f2887d9c-92b4-425a-83f2-cd3ffdaaa038', '9183df45-5a6a-4d0a-ab08-86bf1c424e64', '2024-06-15 05:52:12', 1126.98, 'completed'),
('272e22b3-908d-4c3e-aafd-d1e99627d9de', 'b16b705e-4168-43bc-bd73-00f569e45d3c', '52bab2b9-c45a-4b85-9bd1-32a1b7839714', '2024-08-11 05:52:12', 1849.32, 'paid'),
('2b6e988a-8113-4d58-9fc8-454aca834eb9', 'e8b57b03-961e-4a21-9086-ff5ff6e78dcb', '4a1101ea-1a85-445b-b446-606899dc9360', '2025-05-06 11:33:45', 25.29, 'paid'),
('2c173edc-6629-444a-aadd-160ede00ff09', '0a0bcc29-b330-4073-b60b-a86ccb000094', 'a67a5269-417e-480e-89ae-dc5f1e849573', '2025-01-03 02:10:34', 161.55, 'shipped'),
('2c6c40bb-b7bf-436b-be06-d4b529efb721', 'e55b3880-e0cf-473f-8ff1-a9329e70fe86', '945c1b41-506a-4ecd-9474-54518c5a3927', '2025-02-28 05:52:12', 1037.31, 'pending'),
('2e1c5e8f-fd3f-4c35-b125-fb3264241c84', 'f1e046eb-5e95-4ccd-8a3d-b9134160de07', 'b0a10d06-5ae8-43e1-a977-da4d5a4866f3', '2024-07-02 05:52:12', 925.12, 'paid'),
('3193554d-02bf-4eec-baf1-da3dcfe2f58e', 'c3eff572-6cfc-4241-b6b2-27d77c41b52c', '74013506-57c6-41eb-9320-d32c664ac367', '2024-11-24 05:52:12', 1575.76, 'completed'),
('31cbdf7b-be3e-4ae9-a975-f8611621e8ac', 'c3eff572-6cfc-4241-b6b2-27d77c41b52c', 'd23279b3-57d3-4714-88f2-10a68ccc4957', '2024-12-03 05:52:12', 168.70, 'paid'),
('31e21f15-3590-43cb-8c30-d5ed30411894', '3de28a90-1ced-44c7-b2f2-b098fa26a3de', '177e6f46-3535-433c-8554-ead3acd5a775', '2025-01-15 07:58:06', 39.91, 'cancelled'),
('3907f455-995d-4587-8fa9-2a50620318c4', 'd7c0798f-ca9c-4019-baa3-8fa0b89ad7b0', 'fc63f342-cb7c-4a62-8015-dbf62a97380f', '2024-11-08 05:52:12', 860.90, 'paid'),
('3d460778-9ddd-456b-84a3-3f873bcd10ec', 'e3edb24c-f68d-4777-a3af-195f49ecc963', '9ed4909d-20f8-477e-9480-6c3a5f1bd866', '2024-05-24 05:52:12', 909.00, 'pending'),
('3e1fe083-093f-4651-a90f-1f78b79be870', '6fa72b6d-2098-4276-8991-47a435c49bd3', '0f224a8f-c08b-4b9a-a7c0-1772d0b861b4', '2025-05-08 10:41:17', 27.60, 'paid'),
('3e249a09-3d9b-4b2c-90a0-5532e8dff145', '3a2fe49f-af8c-490f-89a0-b37e1f305d8a', '08676d97-caab-4cc6-a544-f36df4374a04', '2025-01-19 05:52:12', 1321.89, 'cancelled'),
('3f4c2462-91b9-4c84-b88e-0573c671143d', '54555173-8bf2-434c-bfd2-920d20869069', 'b7fc9817-a340-4ac2-bbc2-f40802d68dfc', '2025-01-06 00:43:00', 43.86, 'paid'),
('412dfc82-1c8e-4963-ab6f-9ea33326f8ce', 'b4791530-8375-42d3-8c49-840857fca990', '15748ba4-7518-426d-a175-c9b40babb006', '2024-07-20 05:52:12', 2463.75, 'cancelled'),
('41380148-907d-46fd-8058-f0e2853ba807', '53aa5ef8-252a-4424-8018-a5c671a0019a', 'fa83e9d6-602e-4727-887b-c943eacf260a', '2024-09-15 05:52:12', 82.25, 'pending'),
('4155df0d-297d-438b-b83b-276fa7a3773f', 'b913ac94-c0c8-4e11-a4ba-ef619ebed400', '16cdeb27-75dd-4c11-9f9d-7ace76fe8d96', '2025-01-16 05:18:06', 155.86, 'paid'),
('4313e918-7be7-4ed7-95ce-34245182d1ef', 'a2fb9e3f-58d9-4386-a641-17ec708887c0', '10f427ee-738f-4417-99d9-688a4fdae312', '2025-01-15 17:48:08', 35.68, 'completed'),
('4592c2a8-c5ab-41ee-ac8e-16088d71eaca', '6fd41416-893b-4808-94fa-e410dffdbcb1', '6bdd85b4-9e3a-45d3-b41d-e4afc558c809', '2025-01-06 13:49:08', 122.30, 'paid'),
('47146afb-224f-4f69-b4c6-c9860e569b3f', 'b02e812d-2073-4314-921b-8df925f35a59', '1ec44f20-5ae6-4040-a405-af0e21917438', '2025-01-28 01:26:30', 48.26, 'pending'),
('47a27372-1a7a-4f04-8f70-97d1d513a43f', '494a2ac0-4d73-4b37-b5eb-259880026300', 'c5ce783f-5f26-45f5-9634-58e0015bc1e2', '2025-01-16 01:29:33', 22.15, 'cancelled'),
('48fcb782-1af8-403a-b228-68bb0f13bc0b', '796b7186-5529-44f2-8094-fa7408c5b146', '9385b0a6-c52b-425f-af5f-3ae25f4791e4', '2024-11-03 05:52:12', 400.58, 'paid'),
('49d7b654-04ef-4973-8bd0-c3305818ca9c', 'b3e55795-5c49-477d-95f6-93f746668cfd', '9385b0a6-c52b-425f-af5f-3ae25f4791e4', '2025-02-04 05:52:12', 1602.32, 'pending'),
('4be0285d-5142-44ec-8b33-6ffb5fbc4ea5', 'b61e0e00-f332-459d-90b9-cd27e6f590e0', '6d500a35-f0d6-4de2-8778-cff5b2bbccbe', '2024-08-14 05:52:12', 957.40, 'completed'),
('4c4d7cee-e739-4cbe-99bf-3ddb1917c4a8', 'b02e812d-2073-4314-921b-8df925f35a59', '7bd078e3-67d1-4c16-9d04-12fff7019962', '2025-01-22 22:49:17', 126.58, 'cancelled'),
('4f0672d5-3443-4786-922d-c10ca2c8f7fc', '1dfff41b-85b9-4a7a-a0ad-e024ba9c4f92', '10f427ee-738f-4417-99d9-688a4fdae312', '2025-05-29 04:23:38', 35.68, 'cancelled'),
('4f5c2b3a-6761-4d0e-96b5-4dd41e02f6f6', '08dc7649-4a51-405b-bded-0b9b924fc342', 'ed7caebc-8438-4dd4-aff4-7611d0e1467c', '2025-03-23 05:52:12', 736.84, 'cancelled'),
('4f5c8a5a-6b0f-43c7-b670-04a3b8774304', '56644176-03d0-44bf-aac4-b4b0b1138f1b', '68c91da5-7659-4164-996c-2e62de6e2b43', '2025-05-26 05:18:05', 198.51, 'cancelled'),
('4f84e6ad-7b17-4682-b17b-6b11afabfeef', 'de86fb17-250c-48d6-ad8c-9869130cc76e', '3a2c2a96-1edd-4ab4-a176-c0d9471e2354', '2025-05-22 03:46:19', 65.36, 'completed'),
('51b6842f-697b-4b38-8335-5616cd79d8dc', '319449f1-b7eb-4ebd-bb51-c3bd8637a5bd', 'b7fc9817-a340-4ac2-bbc2-f40802d68dfc', '2025-01-04 01:21:27', 43.86, 'completed'),
('525d6a6e-5aad-4787-811a-4944f2027661', 'd156ba3b-714d-4807-b899-c7e3a455b58a', '8fee82d4-104a-4a77-8b06-dda14f527524', '2025-05-04 06:43:23', 117.84, 'paid'),
('52e41dcd-0903-44f8-9866-1b6381d59a49', 'b913ac94-c0c8-4e11-a4ba-ef619ebed400', '6bdd85b4-9e3a-45d3-b41d-e4afc558c809', '2025-01-26 07:38:06', 122.30, 'completed'),
('5345c55b-8a5d-4b12-8c54-961db6279737', 'e948f9dc-ef98-4e6b-a2d0-9eb0827a3f91', 'ba50df5d-83c5-453d-9fef-248e7c9c1ff3', '2025-05-28 05:29:38', 84.73, 'completed'),
('535be8a8-5662-4e58-a39b-73d4a07962f3', 'de86fb17-250c-48d6-ad8c-9869130cc76e', '6861c864-5bbc-4262-9f0f-8e1b87f9d4ec', '2025-05-25 05:46:27', 178.55, 'shipped'),
('546b180b-69de-4186-be47-27116f8a477d', 'b913ac94-c0c8-4e11-a4ba-ef619ebed400', '0c75efb3-a632-454a-ba7e-da213e209a89', '2025-05-19 12:49:22', 187.77, 'shipped'),
('57e176d6-5914-4ef3-aefd-44c541971eac', '54555173-8bf2-434c-bfd2-920d20869069', '47244ac3-fcd4-4f73-b2e8-0b6cfeeeaa55', '2025-01-26 01:16:18', 102.35, 'shipped'),
('591029e4-b03b-4383-9981-91d857b07cfc', 'afaf05ff-0d73-43c0-92a6-6143f42d6106', '4a1101ea-1a85-445b-b446-606899dc9360', '2025-05-04 20:41:38', 25.29, 'completed'),
('591fd23f-180e-47ad-b729-7f0e17669059', '3bf43bae-e10d-4be2-a68c-3971614eae4e', '2f4ee9f3-753f-46ee-90e0-3b0bbe8aeb45', '2024-09-07 05:52:12', 1835.90, 'shipped'),
('5a6cb927-35ae-4159-a569-1f32f4bc552c', 'b726ea0f-8aa8-4b70-8cf6-fb9dcde12d6e', '1ec44f20-5ae6-4040-a405-af0e21917438', '2025-01-26 05:53:04', 48.26, 'cancelled'),
('5a8294ff-31ce-4cf3-9d76-12e14d240f63', '25c3aae7-dc4b-4dbd-996e-fb8f3043ba1a', '242312b3-44a6-4b7b-805c-b49068fcbc9e', '2025-01-29 20:24:50', 100.04, 'pending'),
('5c041f87-77eb-4c8a-85ff-af9d2cf0fafb', 'a2a87bf5-73e3-42e4-9dc3-f8a1a0673915', '0fd37f21-9bce-4408-855a-36f0044eefe9', '2024-05-15 05:52:12', 1098.30, 'paid'),
('5f8f9d01-ba27-425a-943f-02bb014f864c', '14a6ccdb-6866-4756-9c05-d2302527c1df', '51e972c2-c636-4e7e-b98b-742c5bbb81d5', '2025-03-19 05:52:12', 1155.85, 'pending'),
('60cb2a33-df07-44b8-8f3f-ef3831617dc8', 'b1572d6a-ebef-4e1e-a412-9582080fc51d', 'fa83e9d6-602e-4727-887b-c943eacf260a', '2025-02-28 05:52:12', 246.75, 'shipped'),
('60fdd9da-e60c-4bd9-a42e-95be3e290b08', '5fecb17a-d8c2-4927-a1e9-dd27b933ff4c', 'a531ffe1-e8bf-4b7d-b46e-71c0274a33c0', '2024-07-22 05:52:12', 224.10, 'completed'),
('62716bc0-eab5-4e87-81c5-d49e4339ee10', '42cf7d62-e1a9-451f-be05-c15591248f31', '9ed4909d-20f8-477e-9480-6c3a5f1bd866', '2025-03-23 05:52:12', 2272.50, 'shipped'),
('62be3700-3e3c-400b-9578-5b72ea23ab5e', '6105e43d-fd26-4737-97d8-939521dbde30', '6861c864-5bbc-4262-9f0f-8e1b87f9d4ec', '2025-01-14 03:06:56', 178.55, 'paid'),
('6378af26-2624-49ab-94ab-553496226621', '51ceece4-ea1e-425c-a84f-9f4edd49803e', '6a786f2a-3667-4497-9cd8-0be634157e14', '2024-11-27 05:52:12', 1442.70, 'pending'),
('637ac37c-f422-4a91-ad96-2292812a2070', 'c2f6cb7c-bd32-48a6-83ea-6f125b982d8e', '4cf1700b-ea39-4a1b-a220-117bc3069547', '2025-05-05 04:16:38', 147.14, 'pending'),
('637f99a4-dc80-4800-ad2f-814458f26357', 'a2a87bf5-73e3-42e4-9dc3-f8a1a0673915', 'b53d4d33-bb70-4511-a533-bd535fb95bdc', '2024-05-31 05:52:12', 1082.92, 'shipped'),
('63fdf1d7-577e-4cf5-89aa-989855703f9e', '5a96eda3-0cce-40bd-81be-7cd01e36ec50', 'a53cdc80-8fe1-46e7-8b85-6efe0abb64e8', '2025-05-15 07:45:24', 32.91, 'cancelled'),
('6455d18c-b335-40ba-9862-0756a80d0dc0', '756bad52-6818-4030-8d34-f495b929e156', '7a06d9db-9f22-4955-b16a-69013cdf7b4a', '2025-01-02 00:13:35', 96.35, 'pending'),
('6773dab5-8e47-4ef3-a57e-6f76886719bb', 'f2887d9c-92b4-425a-83f2-cd3ffdaaa038', 'b0a10d06-5ae8-43e1-a977-da4d5a4866f3', '2025-01-04 05:52:12', 1387.68, 'cancelled'),
('681efb8d-b841-47bf-9f84-310f4871c2dd', '42cf7d62-e1a9-451f-be05-c15591248f31', '2a5caa37-3a65-4e06-9ec9-41ae8894b545', '2024-08-19 05:52:12', 112.14, 'shipped'),
('6d3481be-e130-463d-a9b0-fb46bef69b80', 'e8b57b03-961e-4a21-9086-ff5ff6e78dcb', 'c5ce783f-5f26-45f5-9634-58e0015bc1e2', '2025-05-09 02:13:14', 22.15, 'paid'),
('6dbe299d-3125-4687-b9bd-c71407108d0f', '53aa5ef8-252a-4424-8018-a5c671a0019a', '6200bb19-3302-42c5-b26d-dbc559bacebd', '2025-02-28 05:52:12', 151.41, 'shipped'),
('6fb929fc-3141-48ca-9d5b-635c0502ba42', '6a3e2f6e-4f0a-408e-b72a-43299c07e610', '51e972c2-c636-4e7e-b98b-742c5bbb81d5', '2025-03-24 05:52:12', 693.51, 'completed'),
('70818654-fda5-4691-ad37-f72c850448ff', '50f83fcd-a014-4dec-bf92-a0ff9fe123c3', '798d7b75-000d-4118-ad43-9268ba161de6', '2025-05-07 15:21:44', 47.46, 'pending'),
('709b5b54-d4e9-4b16-abdd-344f92a0a319', '2af3ec4a-45c2-4463-af58-7b0c3c24b438', '6ebf0e3b-eb98-44bc-8a04-377d253a4f10', '2025-02-18 05:52:12', 1766.68, 'paid'),
('717e0536-804c-4bfa-8309-016d5c8c3829', '4959edb2-843f-4d29-86c7-80e22cb7f341', 'aa310b3e-daaa-43b9-879e-97af0a8c975c', '2024-09-16 05:52:12', 1168.95, 'paid'),
('75a30b2b-514a-46c8-8695-95351134c7e4', '4df2677c-fb0c-4d90-9982-cee7cb3b758c', '69e81e86-5426-4a6e-a418-b5a0bf924aa2', '2024-07-11 05:52:12', 1158.55, 'completed'),
('762dbf2d-ad3c-4249-9aaf-d903eeba584e', '1f94b6fe-4ef1-4841-b114-aee6e02a8f99', '177e6f46-3535-433c-8554-ead3acd5a775', '2025-05-29 17:51:06', 39.91, 'shipped'),
('768f6067-604d-4b4a-a691-0770be27089b', 'cb4d7c11-0000-4dd4-b26d-b26392e7edc3', '2a5caa37-3a65-4e06-9ec9-41ae8894b545', '2025-01-08 05:52:12', 149.52, 'completed'),
('7a0b1907-b394-449c-8ad6-76970b94d3d7', 'a278299d-01fd-44a6-b97b-fe76807958fc', 'd1eb55a5-4f86-4c31-9160-20402505e373', '2025-05-22 20:17:27', 73.93, 'paid'),
('7ab132da-fa94-4751-b839-494d6d47b82c', 'cfa772f6-3b3a-400e-9a75-e4aa994cf673', 'b7fc9817-a340-4ac2-bbc2-f40802d68dfc', '2025-05-16 02:58:25', 43.86, 'paid'),
('7c066f08-a5de-48f7-b452-4eeda443801a', 'ab073bef-bd36-4610-b068-3dc7b386c775', 'd719da5b-9140-4357-9631-5458d7a977bc', '2024-06-09 05:52:12', 867.84, 'paid'),
('7cc848fc-0d97-4612-96b0-b5aefbf4185e', 'e948f9dc-ef98-4e6b-a2d0-9eb0827a3f91', '79d2b88f-1702-4161-a542-9db7aaf65afd', '2025-01-09 07:00:28', 111.08, 'completed'),
('7cfe5c79-924c-49ad-8f9e-9fc153592ffd', 'b913ac94-c0c8-4e11-a4ba-ef619ebed400', 'a53cdc80-8fe1-46e7-8b85-6efe0abb64e8', '2025-01-21 02:16:29', 32.91, 'paid'),
('7e8035c4-a8c1-4126-b6ad-829092b6bc45', 'd2acd19e-b3b3-4e5a-9aac-af4740d95c3e', 'd1eb55a5-4f86-4c31-9160-20402505e373', '2025-05-26 07:11:58', 73.93, 'pending'),
('7f479f03-af8e-43e8-9adb-2fdf2cab787b', '5ea3ad49-6e59-4ed6-b15a-69f259b7aa03', '87cbc77a-d919-4bc4-bdd7-969ad04ef629', '2024-07-01 05:52:12', 198.40, 'paid'),
('844b2259-c14a-4b4b-ba91-d479b6a15fd3', 'de86fb17-250c-48d6-ad8c-9869130cc76e', '2e9b7750-2c45-4aff-a925-c4dfc7ae57b1', '2025-01-10 04:11:25', 127.70, 'cancelled'),
('846424e6-1ac8-4a93-8e01-12cd258a9f70', '7549ba36-8a30-49eb-9d60-e5c2a9fd1767', '13cfff48-b035-4a6a-9e74-c532b2198fa9', '2024-10-23 05:52:12', 1205.94, 'paid'),
('8487282c-15d8-4882-ae75-1275cf88b954', '62e87a68-5c65-4d95-9cd8-2f032bc33c3e', '42d5be6c-0e9a-476b-ac8e-49dcf143f45d', '2025-03-11 05:52:12', 2485.15, 'paid'),
('858e7ad3-b89a-40b1-9c4c-8d821cb261f5', '00bc95cb-9b5d-4355-993e-af2fb89d8e63', '88d2c3a3-4a49-432e-b974-7f35f2bf6079', '2025-04-20 05:52:12', 63.68, 'cancelled'),
('87dfe031-d220-42d6-9482-4dc2f8137151', 'b0aca1a0-41c8-46f5-8df4-80427b0b14f5', '10f427ee-738f-4417-99d9-688a4fdae312', '2025-01-06 07:56:13', 35.68, 'completed'),
('8a25775e-d733-40ce-9d71-f0f0e6c50634', 'e69d8d1f-dcc7-47a4-9749-a0dd238b7158', '7bd078e3-67d1-4c16-9d04-12fff7019962', '2025-01-08 18:31:10', 126.58, 'cancelled'),
('8dcc431f-3206-11f0-aaaa-60cf84714ded', '021e953a-28e7-11f0-a78e-cc28aa17ee40', '0646dd68-35c5-4b14-b391-18df5de7c675', '2025-05-16 03:33:37', 310.90, 'paid'),
('8dcf95b8-9c8b-4d23-903c-2a345929be3c', 'b011837e-779c-4227-b078-8ab902d4b735', '6e8c68a1-d1fb-485b-8810-10208cb08624', '2025-01-03 22:22:36', 84.00, 'shipped'),
('8e0b842f-310e-419d-8589-f56023621c1f', 'dba153fa-7543-490a-8c42-287ae2d6bec9', 'ba50df5d-83c5-453d-9fef-248e7c9c1ff3', '2025-01-09 22:31:49', 84.73, 'shipped'),
('8e26a8c2-e33a-41fd-ac30-a930c5c9264c', '3a7b24d2-81ae-4501-8836-a932cbdb2c5e', '97adfc03-6d04-44d0-9032-d4d6ab856916', '2025-01-09 08:44:51', 73.78, 'paid'),
('935cdacc-bd6b-4b1c-8f0f-8596994a75e7', '47f8db07-e3fc-44e9-94ed-2fa9b33fb0fa', '79d2b88f-1702-4161-a542-9db7aaf65afd', '2025-05-02 16:40:23', 111.08, 'pending'),
('95deabe7-1dda-44bf-abca-ec79efff907a', 'c15b38a3-745d-4213-8799-4cc17db1437c', '52bab2b9-c45a-4b85-9bd1-32a1b7839714', '2024-10-04 05:52:12', 1386.99, 'completed'),
('97190874-658e-4628-9122-03277f8dff6a', 'a233c021-6091-4389-bd8d-f03f75e066e3', '4b666968-075f-417c-8a8f-62359a915a45', '2025-01-10 16:14:10', 170.18, 'cancelled'),
('972ca62d-bb0a-4fa1-9560-90a6d25d26ac', '924bbd3e-f8ab-4206-a3fd-e68e643f457f', 'fdff3148-e206-4b75-bad7-fbda3df51a3e', '2024-11-23 05:52:12', 1337.55, 'cancelled'),
('9752cef4-e517-49a9-88e4-35d6de5d8711', 'd2acd19e-b3b3-4e5a-9aac-af4740d95c3e', '10f427ee-738f-4417-99d9-688a4fdae312', '2025-05-25 09:23:44', 35.68, 'paid'),
('981cb95c-e37d-4c3b-852a-1224292e6757', '4e61be6f-ef4f-4f79-b096-f9a72586c8c8', 'a32602e4-afc6-4672-b2bb-015b7c8a424f', '2024-07-02 05:52:12', 1482.51, 'paid'),
('99b6449d-3a9a-48a5-a3ad-4257a7cdaf95', 'b9582b54-46ac-4d84-b0a4-9878e20ee59a', '7aae6cae-4456-486c-b12f-9c65c1788165', '2024-07-25 05:52:12', 1193.19, 'paid'),
('9b8cfb12-ec04-47c2-9235-6d3b19d1d025', 'c5836f67-68e4-4707-afda-d20fc4f4e562', '2406e0dc-9f08-4c8d-9531-b7f1e30da9a5', '2024-07-01 05:52:12', 504.36, 'paid'),
('9c7d0e07-a3be-4e9b-8651-4bf979cf709e', '1a45e840-4909-40ca-a7d2-3dc683ee474a', 'd28609a9-f8a0-4381-a7d8-127d08677452', '2025-04-11 05:52:12', 343.85, 'shipped'),
('a240f320-44b0-49cd-8943-b0d801339e15', 'd156ba3b-714d-4807-b899-c7e3a455b58a', '16cdeb27-75dd-4c11-9f9d-7ace76fe8d96', '2025-01-07 23:25:51', 155.86, 'shipped'),
('a24e4cfa-d05f-4836-a886-c48dd917435d', 'f338ce97-858e-48ba-82fa-656977268626', '28ff44e1-8e40-494a-bc3b-18f2bc09c3a9', '2025-05-15 10:00:54', 52.92, 'completed'),
('a287ab88-9f2e-4ee7-b760-284039f21424', '28763317-271f-4702-9609-617f1dfe351f', '249466cb-646d-4ed3-ae05-ee118ab55842', '2024-05-13 05:52:12', 846.65, 'pending'),
('a4a535b2-99f4-4586-984c-5891c12c19ec', 'b0aca1a0-41c8-46f5-8df4-80427b0b14f5', 'b7fc9817-a340-4ac2-bbc2-f40802d68dfc', '2025-01-27 20:46:49', 43.86, 'shipped'),
('ab38bc85-a9fc-4e2e-bfb8-a3197d3d7467', '4df2677c-fb0c-4d90-9982-cee7cb3b758c', '964cbce5-c84a-4b55-9d0b-3b64e0929c56', '2024-08-03 05:52:12', 896.02, 'shipped'),
('ace25d27-d8e5-47bf-bfe2-473da247c0d7', '24fabede-e157-4ade-b559-230b064b9ff3', 'ed7caebc-8438-4dd4-aff4-7611d0e1467c', '2024-12-07 05:52:12', 736.84, 'pending'),
('b1021970-8766-498b-b8b5-582eb9c03747', 'bc35ac01-a19b-49e9-aca5-2daa96ebc0fa', 'aa310b3e-daaa-43b9-879e-97af0a8c975c', '2024-11-11 05:52:12', 779.30, 'completed'),
('b28b76aa-d0e0-4f50-a55d-8872201e4bf5', '0a0bcc29-b330-4073-b60b-a86ccb000094', '7d1b5c26-9941-49fb-bd38-db50864c55d3', '2025-05-22 04:45:12', 192.65, 'completed'),
('b344f376-a51c-4bf4-85ab-6ab4c94db003', '96bacede-4ac0-45ef-b9bb-e9104c63d369', '794a4a10-07d5-4a5d-ab1e-1681cd7a2496', '2025-01-09 07:01:44', 83.08, 'paid'),
('b7449f81-c863-4237-8bc3-f525d6ddbe3a', 'e55b3880-e0cf-473f-8ff1-a9329e70fe86', 'a3693bdc-55ed-467a-ba81-63ab2b43990e', '2024-12-06 05:52:12', 1637.00, 'pending'),
('b7755633-fd0c-4fc3-9883-b867a9d48468', 'fa4361d3-c7fb-458f-8b02-2f1e555bc17e', 'fbd854d6-b2e9-451f-b403-839748a4cff9', '2024-06-03 05:52:12', 753.48, 'completed'),
('b9ab1832-0307-459a-beb3-15db124df56b', '7fe272d1-3f8c-4f6a-af60-7de581e5b5e2', 'ffc0a514-6eeb-4a67-a91f-0491bc9e6c68', '2024-09-15 05:52:12', 386.20, 'cancelled'),
('bad77195-8b35-4442-91b2-5d1d7a6109e3', '6fd41416-893b-4808-94fa-e410dffdbcb1', '7128820f-9cb2-435e-8071-4b724fecfcba', '2025-01-22 02:59:11', 101.43, 'pending'),
('bb072893-f95f-4efd-8b49-091f89dc7ec6', 'cad8728e-e3ea-41a9-9d83-520d593c4dd7', '5478ec40-bf4a-4191-8c61-39a2f440a7ae', '2024-09-14 05:52:12', 283.96, 'cancelled'),
('be395afa-21ee-4f69-a765-85526128a369', '56644176-03d0-44bf-aac4-b4b0b1138f1b', '794a4a10-07d5-4a5d-ab1e-1681cd7a2496', '2025-01-12 03:02:12', 83.08, 'paid'),
('bfe812ea-70e2-43e1-81fc-a08d586365d3', 'b0aca1a0-41c8-46f5-8df4-80427b0b14f5', 'ba50df5d-83c5-453d-9fef-248e7c9c1ff3', '2025-01-12 21:01:21', 84.73, 'completed'),
('c1ef5cbc-4852-4464-b16f-c5ac553a37bd', '3a2fe49f-af8c-490f-89a0-b37e1f305d8a', '3f361060-9723-4070-8ae2-8e43abbf169c', '2025-02-26 05:52:12', 339.54, 'completed'),
('c47d3b64-4af6-4867-8b9b-b3143c20cdd9', 'd0c9a239-f111-45ac-994e-9d00fe044a3d', '96b10a19-e0d7-4464-9d5d-4d2050d21ef4', '2024-06-12 05:52:12', 46.82, 'cancelled'),
('c625458d-bd5b-44a4-afc4-91f6a58e0acf', '25c3aae7-dc4b-4dbd-996e-fb8f3043ba1a', '18edeee2-7390-46a2-b6ae-9817c4117177', '2025-01-16 17:05:50', 131.07, 'cancelled'),
('c77fc589-9e97-4ec3-8892-11183f992610', 'e948f9dc-ef98-4e6b-a2d0-9eb0827a3f91', '7a06d9db-9f22-4955-b16a-69013cdf7b4a', '2025-01-22 00:59:38', 96.35, 'paid'),
('c8c5cff2-f5fa-4a50-ac52-84287c3aee9e', '9afa192b-b814-42d2-9708-879066d682de', 'ed7caebc-8438-4dd4-aff4-7611d0e1467c', '2025-02-22 05:52:12', 552.63, 'completed'),
('ca6d9d3f-f620-4cf2-87cd-23ae6084284b', 'cb4d7c11-0000-4dd4-b26d-b26392e7edc3', '3290e7a4-a849-426e-a278-e37c1c14fae2', '2025-03-21 05:52:12', 1734.65, 'paid'),
('cc1c83b3-8b8d-4d54-a8f2-bd45064c6f77', 'b9582b54-46ac-4d84-b0a4-9878e20ee59a', '62aaf6e0-b2e9-4f05-863c-4799b614c4ab', '2024-07-07 05:52:12', 241.50, 'shipped'),
('cca468d0-e306-4d64-8a29-2b782b3ae188', '3bf43bae-e10d-4be2-a68c-3971614eae4e', 'a4f40a01-5380-4d7a-99f2-48487d38dda4', '2025-02-10 05:52:12', 876.54, 'shipped'),
('cd10b78d-3cf4-4fba-9486-e90ec260369a', 'f1e046eb-5e95-4ccd-8a3d-b9134160de07', '249466cb-646d-4ed3-ae05-ee118ab55842', '2024-05-13 05:52:12', 846.65, 'paid'),
('cd17abd2-e9f3-481a-968f-dc852cfbe2cc', 'b913ac94-c0c8-4e11-a4ba-ef619ebed400', 'edb649bd-ffd9-43c1-9457-e90371cc7ea9', '2025-05-08 00:34:45', 166.90, 'completed'),
('d022a3e2-5f98-4ec5-8036-28e7f37997ca', '756bad52-6818-4030-8d34-f495b929e156', '10f427ee-738f-4417-99d9-688a4fdae312', '2025-01-26 08:26:37', 35.68, 'cancelled'),
('d13f0d62-9274-4c44-aff4-038432164c8e', 'b913ac94-c0c8-4e11-a4ba-ef619ebed400', '79d2b88f-1702-4161-a542-9db7aaf65afd', '2025-01-22 14:46:42', 111.08, 'paid'),
('d18b71db-0bdc-4be1-be4b-6883135fcb9b', 'f1e046eb-5e95-4ccd-8a3d-b9134160de07', 'ea6ee7e0-6b42-4fd4-8357-5d7bcbd3e156', '2025-02-21 05:52:12', 1445.40, 'shipped'),
('d282932b-18dc-412d-a9b4-d92622a4c2bc', '77fd3aa9-fc63-4e25-bfbb-8ec94dedb815', '6a786f2a-3667-4497-9cd8-0be634157e14', '2024-12-17 05:52:12', 577.08, 'cancelled'),
('d3d5d77f-d576-4ccb-881a-9be6ee73b80f', '4c217f82-411c-4c00-be46-d577d1ffd735', 'aa310b3e-daaa-43b9-879e-97af0a8c975c', '2024-06-14 05:52:12', 1168.95, 'completed'),
('d5225d6a-94db-4015-900c-14ad9a5f2abb', '14a6ccdb-6866-4756-9c05-d2302527c1df', '375f4e82-d9f2-45a0-bcbf-31062e11e389', '2025-01-28 05:52:12', 231.63, 'paid'),
('d6f7fcbf-a100-4242-93ac-0d42354bfdb0', '601c1afe-847c-44f3-a275-606517a4aead', '32c3160a-48af-4f84-9628-97b9753fa13a', '2024-06-14 05:52:12', 113.25, 'paid'),
('d72ae809-335b-4b3d-9753-e0faf4da493a', '5be767f5-e7a2-46d3-aaba-f9c5e59d6e63', '269aee52-f464-4e86-974b-b3a8f55e3ef8', '2024-06-08 05:52:12', 546.84, 'cancelled'),
('d7fd4fee-d7cc-4f7a-b4ef-704dd9f0515c', 'a1860310-488b-4f89-99b2-ff081eefdd10', '0f224a8f-c08b-4b9a-a7c0-1772d0b861b4', '2025-01-06 04:27:04', 27.60, 'pending'),
('d8dee5af-f70e-4422-836a-29514d552523', '6105e43d-fd26-4737-97d8-939521dbde30', '07581967-3bf2-43bf-b9c5-20d02abfd63b', '2025-05-09 20:45:11', 160.52, 'shipped'),
('d962ff9f-17cc-4934-99ce-e753330211fb', 'afaf05ff-0d73-43c0-92a6-6143f42d6106', 'a53cdc80-8fe1-46e7-8b85-6efe0abb64e8', '2025-05-10 08:26:47', 32.91, 'completed'),
('dd91482a-6c71-4198-9daf-70d9ab6517b5', '1dfff41b-85b9-4a7a-a0ad-e024ba9c4f92', '2892853e-5135-4520-b61e-35d4fd2f2e8a', '2025-05-12 01:58:52', 74.36, 'completed'),
('de126ed5-6fbd-47c1-a17e-4511c054d3f1', '879c9901-b266-4104-9661-0fb66430fefe', '9fdc42d4-032b-455b-b9f3-18f99875c7a6', '2024-08-18 05:52:12', 1254.42, 'completed'),
('de55fde5-b3a9-4b9b-a5e2-3bba5c807f54', 'cad8728e-e3ea-41a9-9d83-520d593c4dd7', '138b2a33-3d25-45c1-bb51-589e59a0d631', '2025-01-16 05:52:12', 1555.88, 'cancelled'),
('dea32402-1328-403a-a333-dfa62e6f5887', '07e9bbe6-4e00-4406-a0cb-175f4176635b', '1ec44f20-5ae6-4040-a405-af0e21917438', '2025-05-21 13:31:21', 48.26, 'paid'),
('deaa091f-4c9b-4473-aec1-4393558988ab', 'b608ea89-194f-4515-8a94-118e2b7d7a76', '928a3b6f-e565-4d3f-a2ba-b089b0dabf99', '2024-05-04 05:52:12', 890.72, 'paid'),
('deb63c3d-6831-4fd6-b6b4-dd879382cf5b', 'cb4d7c11-0000-4dd4-b26d-b26392e7edc3', 'c56a2fb3-3255-4d21-b2c2-7a07770aa2c9', '2024-06-18 05:52:12', 835.80, 'completed'),
('df07c4b4-1985-4627-a8cd-9195faadb3bf', '6105e43d-fd26-4737-97d8-939521dbde30', 'a53cdc80-8fe1-46e7-8b85-6efe0abb64e8', '2025-01-20 06:42:01', 32.91, 'pending'),
('df818d61-2298-478e-a34c-7b8ef2d17aa7', '6eaff3b1-4308-4437-a92d-de11211a5727', '8fee82d4-104a-4a77-8b06-dda14f527524', '2025-01-22 09:54:07', 117.84, 'shipped'),
('e0293a7c-3c7b-466d-a895-aa4786f3632d', '0a0bcc29-b330-4073-b60b-a86ccb000094', 'c0b02c76-7aa9-4371-8be3-7af90e6432f9', '2025-01-31 12:41:07', 58.46, 'pending'),
('e02c16d9-7de1-4135-b8d2-e1ea2a90f76e', 'e948f9dc-ef98-4e6b-a2d0-9eb0827a3f91', '7d1b5c26-9941-49fb-bd38-db50864c55d3', '2025-01-26 06:03:47', 192.65, 'cancelled'),
('e20621d3-c04c-4568-9f41-4f0e4c1a5d7f', '04f25ab2-64ae-459c-886f-56b9347462ca', 'a531ffe1-e8bf-4b7d-b46e-71c0274a33c0', '2025-03-13 05:52:12', 336.15, 'shipped'),
('e4c0a50d-1db8-45b8-95c7-50f4ec75fe1e', 'd9ff711f-dbd5-40e5-a91a-4f2b22d201bb', '7c7fdc6f-3a01-4ced-9375-3bb1c973623d', '2025-04-16 05:52:12', 365.84, 'completed'),
('e68a4da2-21d1-44b3-92a0-c4f924936a11', 'd156ba3b-714d-4807-b899-c7e3a455b58a', '6bdd85b4-9e3a-45d3-b41d-e4afc558c809', '2025-05-02 19:18:16', 122.30, 'paid'),
('e6aa18bb-80b6-48b7-9fd5-feef71304dad', '7549ba36-8a30-49eb-9d60-e5c2a9fd1767', '51e972c2-c636-4e7e-b98b-742c5bbb81d5', '2024-05-29 05:52:12', 231.17, 'paid'),
('e7a957e1-00d7-4ba6-bcd7-b0b4dbd9e330', '738ccc2a-7d78-4d8d-b7bf-73c133ea2656', '945c1b41-506a-4ecd-9474-54518c5a3927', '2024-06-14 05:52:12', 1037.31, 'completed'),
('e90fc416-2031-4c63-9556-37444dc54dc7', '3b83cb94-672e-4949-85ba-c4ad67f20683', 'ed7caebc-8438-4dd4-aff4-7611d0e1467c', '2025-01-04 05:52:12', 184.21, 'pending'),
('e979e166-581d-4c0a-9239-6a2011f15199', 'a278299d-01fd-44a6-b97b-fe76807958fc', '97adfc03-6d04-44d0-9032-d4d6ab856916', '2025-01-24 21:06:18', 73.78, 'completed'),
('ea6e4bc8-7f3f-4762-8f99-f2ea3c83b995', '96bacede-4ac0-45ef-b9bb-e9104c63d369', 'a67a5269-417e-480e-89ae-dc5f1e849573', '2025-05-13 07:54:34', 161.55, 'shipped'),
('eab3a63d-9de5-47a7-88d4-70d87a61a94c', '1dfff41b-85b9-4a7a-a0ad-e024ba9c4f92', '7a06d9db-9f22-4955-b16a-69013cdf7b4a', '2025-05-03 18:21:23', 96.35, 'pending'),
('eac6f306-606b-47c3-98fd-71f9fcf5a965', 'e69d8d1f-dcc7-47a4-9749-a0dd238b7158', '0f224a8f-c08b-4b9a-a7c0-1772d0b861b4', '2025-05-11 05:31:48', 27.60, 'cancelled'),
('eb3cfdd9-686d-4e94-bec9-b7cc82751678', '738ccc2a-7d78-4d8d-b7bf-73c133ea2656', 'a531ffe1-e8bf-4b7d-b46e-71c0274a33c0', '2024-12-16 05:52:12', 112.05, 'pending'),
('ee053604-0c4c-473c-8aa8-e4c1f7a0e4d2', '5a96eda3-0cce-40bd-81be-7cd01e36ec50', '0f224a8f-c08b-4b9a-a7c0-1772d0b861b4', '2025-05-11 10:38:51', 27.60, 'paid'),
('ef86bd6b-4999-455c-8f16-2049febfe7ff', '77fd3aa9-fc63-4e25-bfbb-8ec94dedb815', '375f4e82-d9f2-45a0-bcbf-31062e11e389', '2024-05-28 05:52:12', 463.26, 'cancelled'),
('f1171af1-c964-49b0-8ba8-5b14000fb897', 'a9ab1952-78f8-409d-a2ab-b38b438741a5', '9fa7fd0f-b9d0-4b5c-8bf0-6eabea24b3ae', '2024-06-30 05:52:12', 1039.23, 'shipped'),
('f359d859-6671-4f87-8ab7-6bb57b1c0553', 'a278299d-01fd-44a6-b97b-fe76807958fc', 'ba50df5d-83c5-453d-9fef-248e7c9c1ff3', '2025-05-10 01:24:08', 84.73, 'pending'),
('f3fef180-b1e9-4927-8d51-1ae5f14e9f45', '5fecb17a-d8c2-4927-a1e9-dd27b933ff4c', 'd858adc2-d8ce-4ad0-84c8-65cd251438f5', '2025-03-05 05:52:12', 1472.22, 'cancelled'),
('f5accaee-edf3-46a6-817e-c78278ab74b2', 'd001c253-cd0f-4672-bfef-185de388c54e', '4a1101ea-1a85-445b-b446-606899dc9360', '2025-05-12 21:09:07', 25.29, 'cancelled'),
('f5aec5a0-3683-432b-aa26-60f3ec2c4742', '7ced1e01-70ee-4a94-bb59-871e7274cb72', '07581967-3bf2-43bf-b9c5-20d02abfd63b', '2025-05-28 01:56:50', 160.52, 'cancelled'),
('f5eda29e-e086-4543-9060-fbe759f0ca2b', '0a0bcc29-b330-4073-b60b-a86ccb000094', 'd1eb55a5-4f86-4c31-9160-20402505e373', '2025-01-30 06:24:34', 73.93, 'completed'),
('f647890a-49cb-416a-acaf-7333da2f5588', '1f94b6fe-4ef1-4841-b114-aee6e02a8f99', '28ff44e1-8e40-494a-bc3b-18f2bc09c3a9', '2025-05-29 16:05:39', 52.92, 'cancelled'),
('f6af92c7-85e2-49b4-8651-ca667c8a7cd3', '2ce7d1ed-72b5-41c4-b135-25ce85213f67', '5c214ffc-6d6a-4f8a-855b-8ddbfb8f3df8', '2025-05-29 19:13:43', 182.24, 'completed'),
('f93395fb-3494-457f-8f83-bfcb4bba8b5c', 'a618e506-e0cc-4bd2-8b72-d6361b0e10b8', '79a8a527-ba37-4bbc-b5b3-2e7770ba15c7', '2024-06-06 05:52:12', 640.88, 'cancelled'),
('f95a79d9-d48f-4177-a089-cd8ecc2ab20f', 'b61e0e00-f332-459d-90b9-cd27e6f590e0', '2a5caa37-3a65-4e06-9ec9-41ae8894b545', '2024-08-09 05:52:12', 186.90, 'cancelled'),
('fdb40bb8-e6d0-4d6e-969a-4a277fd04c38', '3a7b24d2-81ae-4501-8836-a932cbdb2c5e', '07581967-3bf2-43bf-b9c5-20d02abfd63b', '2025-01-27 22:13:01', 160.52, 'cancelled'),
('ff5f76c5-cbcb-4dec-95ba-fb4d3b526f4d', 'a0785931-f8fb-4d8d-a7df-99392c9d3d4f', '0c75efb3-a632-454a-ba7e-da213e209a89', '2025-01-09 13:17:16', 187.77, 'shipped');

-- --------------------------------------------------------

--
-- Struktur dari tabel `products`
--

CREATE TABLE `products` (
  `product_id` char(36) NOT NULL,
  `name` varchar(100) DEFAULT NULL,
  `description` text DEFAULT NULL,
  `category` enum('Shoes','Clothing','Accessories','Backpacks','Skateboards','Limited Editions','Others') DEFAULT NULL,
  `stock_quantity` int(11) DEFAULT NULL,
  `price` decimal(10,2) DEFAULT NULL,
  `image` varchar(255) DEFAULT NULL,
  `created_at` timestamp NOT NULL DEFAULT current_timestamp()
) ENGINE=InnoDB DEFAULT CHARSET=utf8mb4 COLLATE=utf8mb4_general_ci;

--
-- Dumping data untuk tabel `products`
--

INSERT INTO `products` (`product_id`, `name`, `description`, `category`, `stock_quantity`, `price`, `image`, `created_at`) VALUES
('0646dd68-35c5-4b14-b391-18df5de7c675', 'Product 36', 'Description for product 36', 'Shoes', 13, 310.90, 'image36.jpg', '2025-05-04 12:52:32'),
('073dfba2-5add-4c8d-bf80-aa8483a68158', 'Product 4', 'Description for product 4', 'Backpacks', 68, 48.35, 'image4.jpg', '2025-05-04 12:52:32'),
('07581967-3bf2-43bf-b9c5-20d02abfd63b', 'Product 26', 'Description for product 26', 'Accessories', 19, 160.52, 'image26.jpg', '2025-05-05 07:29:59'),
('08676d97-caab-4cc6-a544-f36df4374a04', 'Product 52', 'Description for product 52', 'Others', 16, 440.63, 'image52.jpg', '2025-05-04 12:52:32'),
('096ab877-dc01-4e38-a13c-e7c1fe769f96', 'Product 81', 'Description for product 81', 'Others', 66, 69.78, 'image81.jpg', '2025-05-04 12:52:32'),
('0ae463d4-5c4f-4623-8176-cb8d89960c1d', 'Product 23', 'Description for product 23', 'Others', 96, 225.01, 'image23.jpg', '2025-05-04 12:52:32'),
('0c75efb3-a632-454a-ba7e-da213e209a89', 'Product 24', 'Description for product 24', 'Accessories', 88, 187.77, 'image24.jpg', '2025-05-05 07:29:59'),
('0f224a8f-c08b-4b9a-a7c0-1772d0b861b4', 'Product 36', 'Description for product 36', 'Others', 10, 27.60, 'image36.jpg', '2025-05-05 07:29:59'),
('0fd37f21-9bce-4408-855a-36f0044eefe9', 'Product 41', 'Description for product 41', 'Limited Editions', 91, 366.10, 'image41.jpg', '2025-05-04 12:52:32'),
('0ffd5bff-c666-4ea3-b886-3ab30e96816a', 'Product 56', 'Description for product 56', 'Backpacks', 55, 311.35, 'image56.jpg', '2025-05-04 12:52:32'),
('10f427ee-738f-4417-99d9-688a4fdae312', 'Product 23', 'Description for product 23', 'Accessories', 33, 35.68, 'image23.jpg', '2025-05-05 07:29:59'),
('138b2a33-3d25-45c1-bb51-589e59a0d631', 'Product 51', 'Description for product 51', 'Clothing', 84, 388.97, 'image51.jpg', '2025-05-04 12:52:32'),
('13cfff48-b035-4a6a-9e74-c532b2198fa9', 'Product 53', 'Description for product 53', 'Clothing', 35, 401.98, 'image53.jpg', '2025-05-04 12:52:32'),
('15748ba4-7518-426d-a175-c9b40babb006', 'Product 82', 'Description for product 82', 'Shoes', 89, 492.75, 'image82.jpg', '2025-05-04 12:52:32'),
('1640ee93-971b-4eb7-ba96-5b906b370bc2', 'Product 55', 'Description for product 55', 'Clothing', 43, 489.18, 'image55.jpg', '2025-05-04 12:52:32'),
('16cdeb27-75dd-4c11-9f9d-7ace76fe8d96', 'Product 41', 'Description for product 41', 'Shoes', 98, 155.86, 'image41.jpg', '2025-05-05 07:29:59'),
('177e6f46-3535-433c-8554-ead3acd5a775', 'Product 50', 'Description for product 50', 'Shoes', 32, 39.91, 'image50.jpg', '2025-05-05 07:29:59'),
('18edeee2-7390-46a2-b6ae-9817c4117177', 'Product 19', 'Description for product 19', 'Clothing', 91, 131.07, 'image19.jpg', '2025-05-05 07:29:59'),
('1dd36495-bf20-4daa-aa8d-461a07f860d8', 'Product 20', 'Description for product 20', 'Shoes', 56, 77.12, 'image20.jpg', '2025-05-05 07:29:59'),
('1e7993f7-7e06-4749-bd98-8f6862185540', 'Product 98', 'Description for product 98', 'Others', 41, 277.01, 'image98.jpg', '2025-05-04 12:52:32'),
('1ec44f20-5ae6-4040-a405-af0e21917438', 'Product 5', 'Description for product 5', 'Limited Editions', 38, 48.26, 'image5.jpg', '2025-05-05 07:29:59'),
('2332278b-6f90-4545-b6c2-5b92dde19ebb', 'Product 12', 'Description for product 12', 'Shoes', 8, 119.93, 'image12.jpg', '2025-05-04 12:52:32'),
('2406e0dc-9f08-4c8d-9531-b7f1e30da9a5', 'Product 80', 'Description for product 80', 'Others', 61, 168.12, 'image80.jpg', '2025-05-04 12:52:32'),
('242312b3-44a6-4b7b-805c-b49068fcbc9e', 'Product 16', 'Description for product 16', 'Shoes', 29, 100.04, 'image16.jpg', '2025-05-05 07:29:59'),
('249466cb-646d-4ed3-ae05-ee118ab55842', 'Product 73', 'Description for product 73', 'Shoes', 69, 169.33, 'image73.jpg', '2025-05-04 12:52:32'),
('24cce025-9017-4b8c-9c50-db244ec9b94b', 'Product 97', 'Description for product 97', 'Others', 33, 423.20, 'image97.jpg', '2025-05-04 12:52:32'),
('269aee52-f464-4e86-974b-b3a8f55e3ef8', 'Product 15', 'Description for product 15', 'Others', 6, 273.42, 'image15.jpg', '2025-05-04 12:52:32'),
('270332ad-e22b-418f-9f0a-e0adfb7eadd7', 'Product 84', 'Description for product 84', 'Backpacks', 31, 432.75, 'image84.jpg', '2025-05-04 12:52:32'),
('270a4e0e-d583-4377-b458-0eb7f862f0a0', 'Product 59', 'Description for product 59', 'Others', 49, 110.13, 'image59.jpg', '2025-05-04 12:52:32'),
('2892853e-5135-4520-b61e-35d4fd2f2e8a', 'Product 31', 'Description for product 31', 'Accessories', 6, 74.36, 'image31.jpg', '2025-05-05 07:29:59'),
('28ff44e1-8e40-494a-bc3b-18f2bc09c3a9', 'Product 29', 'Description for product 29', 'Accessories', 13, 52.92, 'image29.jpg', '2025-05-05 07:29:59'),
('2a5caa37-3a65-4e06-9ec9-41ae8894b545', 'Product 67', 'Description for product 67', 'Others', 39, 37.38, 'image67.jpg', '2025-05-04 12:52:32'),
('2e9b7750-2c45-4aff-a925-c4dfc7ae57b1', 'Product 42', 'Description for product 42', 'Accessories', 72, 127.70, 'image42.jpg', '2025-05-05 07:29:59'),
('2f4ee9f3-753f-46ee-90e0-3b0bbe8aeb45', 'Product 2', 'Description for product 2', 'Others', 13, 367.18, 'image2.jpg', '2025-05-04 12:52:32'),
('3290e7a4-a849-426e-a278-e37c1c14fae2', 'Product 64', 'Description for product 64', 'Backpacks', 2, 346.93, 'image64.jpg', '2025-05-04 12:52:32'),
('32c3160a-48af-4f84-9628-97b9753fa13a', 'Product 9', 'Description for product 9', 'Limited Editions', 96, 22.65, 'image9.jpg', '2025-05-04 12:52:32'),
('375f4e82-d9f2-45a0-bcbf-31062e11e389', 'Product 100', 'Description for product 100', 'Accessories', 80, 231.63, 'image100.jpg', '2025-05-04 12:52:32'),
('3a2c2a96-1edd-4ab4-a176-c0d9471e2354', 'Product 48', 'Description for product 48', 'Accessories', 100, 65.36, 'image48.jpg', '2025-05-05 07:29:59'),
('3f361060-9723-4070-8ae2-8e43abbf169c', 'Product 20', 'Description for product 20', 'Clothing', 73, 169.77, 'image20.jpg', '2025-05-04 12:52:32'),
('3ffecb87-7dd6-43bf-9c76-6a9f7e328268', 'Product 10', 'Description for product 10', 'Clothing', 46, 174.29, 'image10.jpg', '2025-05-04 12:52:32'),
('42d5be6c-0e9a-476b-ac8e-49dcf143f45d', 'Product 7', 'Description for product 7', 'Others', 51, 497.03, 'image7.jpg', '2025-05-04 12:52:32'),
('42fda62c-c850-448d-9765-e0cd574ec073', 'Product 46', 'Description for product 46', 'Clothing', 16, 186.58, 'image46.jpg', '2025-05-05 07:29:59'),
('4722f26d-c08a-4f0d-9822-2055b217aa7f', 'Product 43', 'Description for product 43', 'Backpacks', 97, 356.77, 'image43.jpg', '2025-05-04 12:52:32'),
('47244ac3-fcd4-4f73-b2e8-0b6cfeeeaa55', 'Product 47', 'Description for product 47', 'Others', 65, 102.35, 'image47.jpg', '2025-05-05 07:29:59'),
('482ab5ee-f92f-4e87-ba44-5cbfdb6e6595', 'Product 46', 'Description for product 46', 'Others', 93, 495.53, 'image46.jpg', '2025-05-04 12:52:32'),
('4a1101ea-1a85-445b-b446-606899dc9360', 'Product 8', 'Description for product 8', 'Accessories', 84, 25.29, 'image8.jpg', '2025-05-05 07:29:59'),
('4b666968-075f-417c-8a8f-62359a915a45', 'Product 4', 'Description for product 4', 'Backpacks', 12, 170.18, 'image4.jpg', '2025-05-05 07:29:59'),
('4cf1700b-ea39-4a1b-a220-117bc3069547', 'Product 6', 'Description for product 6', 'Others', 72, 147.14, 'image6.jpg', '2025-05-05 07:29:59'),
('4e597aa6-efb9-4031-853d-859b0976488f', 'Product 96', 'Description for product 96', 'Accessories', 39, 456.94, 'image96.jpg', '2025-05-04 12:52:32'),
('51e972c2-c636-4e7e-b98b-742c5bbb81d5', 'Product 25', 'Description for product 25', 'Others', 85, 231.17, 'image25.jpg', '2025-05-04 12:52:32'),
('52bab2b9-c45a-4b85-9bd1-32a1b7839714', 'Product 68', 'Description for product 68', 'Accessories', 90, 462.33, 'image68.jpg', '2025-05-04 12:52:32'),
('5478ec40-bf4a-4191-8c61-39a2f440a7ae', 'Product 93', 'Description for product 93', 'Limited Editions', 32, 283.96, 'image93.jpg', '2025-05-04 12:52:32'),
('5796a6b8-6790-4aa2-933b-7e70bab811f5', 'Product 13', 'Description for product 13', 'Skateboards', 100, 184.01, 'image13.jpg', '2025-05-05 07:29:59'),
('5c214ffc-6d6a-4f8a-855b-8ddbfb8f3df8', 'Product 18', 'Description for product 18', 'Skateboards', 14, 182.24, 'image18.jpg', '2025-05-05 07:29:59'),
('5d91859f-b908-42d5-a4fd-24c7b6895719', 'Product 15', 'Description for product 15', 'Accessories', 51, 176.31, 'image15.jpg', '2025-05-05 07:29:59'),
('60d9f1ae-0f16-48e3-a696-689c0e84de07', 'Product 70', 'Description for product 70', 'Shoes', 70, 399.83, 'image70.jpg', '2025-05-04 12:52:32'),
('6200bb19-3302-42c5-b26d-dbc559bacebd', 'Product 13', 'Description for product 13', 'Limited Editions', 73, 50.47, 'image13.jpg', '2025-05-04 12:52:32'),
('62aaf6e0-b2e9-4f05-863c-4799b614c4ab', 'Product 95', 'Description for product 95', 'Accessories', 13, 80.50, 'image95.jpg', '2025-05-04 12:52:32'),
('639ef76c-1371-443a-8d4e-f5891fe0df88', 'Product 87', 'Description for product 87', 'Skateboards', 38, 497.49, 'image87.jpg', '2025-05-04 12:52:32'),
('63f97a90-d2c7-47ab-bb22-da8b0bbea99b', 'Product 1', 'Description for product 1', 'Others', 37, 174.93, 'image1.jpg', '2025-05-04 12:52:32'),
('6800837d-fc84-4603-9c37-93b62794a52e', 'Product 29', 'Description for product 29', 'Limited Editions', 90, 433.13, 'image29.jpg', '2025-05-04 12:52:32'),
('6861c864-5bbc-4262-9f0f-8e1b87f9d4ec', 'Product 39', 'Description for product 39', 'Skateboards', 56, 178.55, 'image39.jpg', '2025-05-05 07:29:59'),
('68c91da5-7659-4164-996c-2e62de6e2b43', 'Product 25', 'Description for product 25', 'Backpacks', 74, 198.51, 'image25.jpg', '2025-05-05 07:29:59'),
('69e81e86-5426-4a6e-a418-b5a0bf924aa2', 'Product 14', 'Description for product 14', 'Limited Editions', 21, 231.71, 'image14.jpg', '2025-05-04 12:52:32'),
('6a786f2a-3667-4497-9cd8-0be634157e14', 'Product 72', 'Description for product 72', 'Shoes', 3, 288.54, 'image72.jpg', '2025-05-04 12:52:32'),
('6bdd85b4-9e3a-45d3-b41d-e4afc558c809', 'Product 28', 'Description for product 28', 'Skateboards', 39, 122.30, 'image28.jpg', '2025-05-05 07:29:59'),
('6d500a35-f0d6-4de2-8778-cff5b2bbccbe', 'Product 66', 'Description for product 66', 'Others', 42, 191.48, 'image66.jpg', '2025-05-04 12:52:32'),
('6e8c68a1-d1fb-485b-8810-10208cb08624', 'Product 3', 'Description for product 3', 'Shoes', 40, 84.00, 'image3.jpg', '2025-05-05 07:29:59'),
('6ebf0e3b-eb98-44bc-8a04-377d253a4f10', 'Product 30', 'Description for product 30', 'Others', 42, 441.67, 'image30.jpg', '2025-05-04 12:52:32'),
('7128820f-9cb2-435e-8071-4b724fecfcba', 'Product 21', 'Description for product 21', 'Skateboards', 99, 101.43, 'image21.jpg', '2025-05-05 07:29:59'),
('74013506-57c6-41eb-9320-d32c664ac367', 'Product 75', 'Description for product 75', 'Accessories', 34, 393.94, 'image75.jpg', '2025-05-04 12:52:32'),
('794a4a10-07d5-4a5d-ab1e-1681cd7a2496', 'Product 12', 'Description for product 12', 'Shoes', 85, 83.08, 'image12.jpg', '2025-05-05 07:29:59'),
('798d7b75-000d-4118-ad43-9268ba161de6', 'Product 11', 'Description for product 11', 'Limited Editions', 69, 47.46, 'image11.jpg', '2025-05-05 07:29:59'),
('79a8a527-ba37-4bbc-b5b3-2e7770ba15c7', 'Product 26', 'Description for product 26', 'Skateboards', 86, 160.22, 'image26.jpg', '2025-05-04 12:52:32'),
('79d2b88f-1702-4161-a542-9db7aaf65afd', 'Product 43', 'Description for product 43', 'Backpacks', 12, 111.08, 'image43.jpg', '2025-05-05 07:29:59'),
('7a06d9db-9f22-4955-b16a-69013cdf7b4a', 'Product 7', 'Description for product 7', 'Shoes', 21, 96.35, 'image7.jpg', '2025-05-05 07:29:59'),
('7aae6cae-4456-486c-b12f-9c65c1788165', 'Product 34', 'Description for product 34', 'Backpacks', 37, 397.73, 'image34.jpg', '2025-05-04 12:52:32'),
('7bd078e3-67d1-4c16-9d04-12fff7019962', 'Product 17', 'Description for product 17', 'Limited Editions', 29, 126.58, 'image17.jpg', '2025-05-05 07:29:59'),
('7c7fdc6f-3a01-4ced-9375-3bb1c973623d', 'Product 92', 'Description for product 92', 'Limited Editions', 22, 91.46, 'image92.jpg', '2025-05-04 12:52:32'),
('7d1b5c26-9941-49fb-bd38-db50864c55d3', 'Product 37', 'Description for product 37', 'Backpacks', 13, 192.65, 'image37.jpg', '2025-05-05 07:29:59'),
('805ccc82-b59f-4d09-b6a4-2c6b93198cb6', 'Product 3', 'Description for product 3', 'Shoes', 29, 115.53, 'image3.jpg', '2025-05-04 12:52:32'),
('81f1fefc-52b1-4f51-8614-3f5a59e3e4b5', 'Product 63', 'Description for product 63', 'Others', 94, 259.63, 'image63.jpg', '2025-05-04 12:52:32'),
('87cbc77a-d919-4bc4-bdd7-969ad04ef629', 'Product 18', 'Description for product 18', 'Shoes', 15, 39.68, 'image18.jpg', '2025-05-04 12:52:32'),
('88d2c3a3-4a49-432e-b974-7f35f2bf6079', 'Product 24', 'Description for product 24', 'Shoes', 10, 63.68, 'image24.jpg', '2025-05-04 12:52:32'),
('8d1e21e6-f861-44ad-93c8-e1485350070f', 'Product 33', 'Description for product 33', 'Limited Editions', 56, 88.92, 'image33.jpg', '2025-05-05 07:29:59'),
('8d40da25-cf1a-4a35-9b29-8d2905f2c23e', 'Product 6', 'Description for product 6', 'Clothing', 36, 180.33, 'image6.jpg', '2025-05-04 12:52:32'),
('8efe396e-7b72-4e75-8e1d-9dd3a876f6d4', 'Product 5', 'Description for product 5', 'Shoes', 13, 434.39, 'image5.jpg', '2025-05-04 12:52:32'),
('8fee82d4-104a-4a77-8b06-dda14f527524', 'Product 1', 'Description for product 1', 'Clothing', 51, 117.84, 'image1.jpg', '2025-05-05 07:29:59'),
('9081695e-bc82-4e0f-a8bd-74946a4c1caa', 'Product 60', 'Description for product 60', 'Backpacks', 57, 319.05, 'image60.jpg', '2025-05-04 12:52:32'),
('90e98a89-8259-4290-a923-6a902e624fad', 'Product 22', 'Description for product 22', 'Skateboards', 32, 479.75, 'image22.jpg', '2025-05-04 12:52:32'),
('9183df45-5a6a-4d0a-ab08-86bf1c424e64', 'Product 99', 'Description for product 99', 'Others', 51, 375.66, 'image99.jpg', '2025-05-04 12:52:32'),
('928a3b6f-e565-4d3f-a2ba-b089b0dabf99', 'Product 71', 'Description for product 71', 'Shoes', 82, 445.36, 'image71.jpg', '2025-05-04 12:52:32'),
('9385b0a6-c52b-425f-af5f-3ae25f4791e4', 'Product 88', 'Description for product 88', 'Backpacks', 57, 400.58, 'image88.jpg', '2025-05-04 12:52:32'),
('93a3ddfe-1654-4028-b7a1-736d5dbc316d', 'Product 86', 'Description for product 86', 'Others', 86, 13.83, 'image86.jpg', '2025-05-04 12:52:32'),
('945c1b41-506a-4ecd-9474-54518c5a3927', 'Product 74', 'Description for product 74', 'Others', 99, 345.77, 'image74.jpg', '2025-05-04 12:52:32'),
('964cbce5-c84a-4b55-9d0b-3b64e0929c56', 'Product 69', 'Description for product 69', 'Limited Editions', 99, 448.01, 'image69.jpg', '2025-05-04 12:52:32'),
('96b10a19-e0d7-4464-9d5d-4d2050d21ef4', 'Product 40', 'Description for product 40', 'Shoes', 43, 23.41, 'image40.jpg', '2025-05-04 12:52:32'),
('97adfc03-6d04-44d0-9032-d4d6ab856916', 'Product 32', 'Description for product 32', 'Others', 73, 73.78, 'image32.jpg', '2025-05-05 07:29:59'),
('9ed4909d-20f8-477e-9480-6c3a5f1bd866', 'Product 31', 'Description for product 31', 'Others', 15, 454.50, 'image31.jpg', '2025-05-04 12:52:32'),
('9fa7fd0f-b9d0-4b5c-8bf0-6eabea24b3ae', 'Product 54', 'Description for product 54', 'Skateboards', 9, 346.41, 'image54.jpg', '2025-05-04 12:52:32'),
('9fae2863-fcc2-401c-a79b-f6e5cce89323', 'Product 27', 'Description for product 27', 'Backpacks', 58, 252.83, 'image27.jpg', '2025-05-04 12:52:32'),
('9fdc42d4-032b-455b-b9f3-18f99875c7a6', 'Product 49', 'Description for product 49', 'Clothing', 38, 418.14, 'image49.jpg', '2025-05-04 12:52:32'),
('a32602e4-afc6-4672-b2bb-015b7c8a424f', 'Product 38', 'Description for product 38', 'Shoes', 20, 494.17, 'image38.jpg', '2025-05-04 12:52:32'),
('a3693bdc-55ed-467a-ba81-63ab2b43990e', 'Product 77', 'Description for product 77', 'Skateboards', 4, 409.25, 'image77.jpg', '2025-05-04 12:52:32'),
('a4f40a01-5380-4d7a-99f2-48487d38dda4', 'Product 39', 'Description for product 39', 'Backpacks', 48, 292.18, 'image39.jpg', '2025-05-04 12:52:32'),
('a531ffe1-e8bf-4b7d-b46e-71c0274a33c0', 'Product 62', 'Description for product 62', 'Backpacks', 43, 112.05, 'image62.jpg', '2025-05-04 12:52:32'),
('a53cdc80-8fe1-46e7-8b85-6efe0abb64e8', 'Product 40', 'Description for product 40', 'Accessories', 70, 32.91, 'image40.jpg', '2025-05-05 07:29:59'),
('a67a5269-417e-480e-89ae-dc5f1e849573', 'Product 30', 'Description for product 30', 'Others', 53, 161.55, 'image30.jpg', '2025-05-05 07:29:59'),
('a6b9163f-c97c-4c90-ad1a-b071ad00c259', 'Product 21', 'Description for product 21', 'Skateboards', 92, 314.45, 'image21.jpg', '2025-05-04 12:52:32'),
('aa310b3e-daaa-43b9-879e-97af0a8c975c', 'Product 8', 'Description for product 8', 'Backpacks', 84, 389.65, 'image8.jpg', '2025-05-04 12:52:32'),
('b0a10d06-5ae8-43e1-a977-da4d5a4866f3', 'Product 94', 'Description for product 94', 'Backpacks', 91, 462.56, 'image94.jpg', '2025-05-04 12:52:32'),
('b26d54cd-d882-4ae2-9abf-54ac3866a0a5', 'Product 78', 'Description for product 78', 'Others', 94, 86.73, 'image78.jpg', '2025-05-04 12:52:32'),
('b279b51c-df67-49e0-b823-2692b1b1dbd8', 'Product 50', 'Description for product 50', 'Skateboards', 4, 431.62, 'image50.jpg', '2025-05-04 12:52:32'),
('b53d4d33-bb70-4511-a533-bd535fb95bdc', 'Product 16', 'Description for product 16', 'Backpacks', 6, 270.73, 'image16.jpg', '2025-05-04 12:52:32'),
('b6cd9b22-fc4b-4d9c-b265-2a713b1c48e5', 'Product 34', 'Description for product 34', 'Limited Editions', 8, 40.33, 'image34.jpg', '2025-05-05 07:29:59'),
('b7fc9817-a340-4ac2-bbc2-f40802d68dfc', 'Product 27', 'Description for product 27', 'Limited Editions', 64, 43.86, 'image27.jpg', '2025-05-05 07:29:59'),
('ba50df5d-83c5-453d-9fef-248e7c9c1ff3', 'Product 9', 'Description for product 9', 'Clothing', 99, 84.73, 'image9.jpg', '2025-05-05 07:29:59'),
('baf02d0d-f414-424f-8ae4-0e154b03a09c', 'Product 2', 'Description for product 2', 'Others', 16, 185.93, 'image2.jpg', '2025-05-05 07:29:59'),
('bbf7c472-8ad4-4350-9c7c-b9634d3d8871', 'Product 47', 'Description for product 47', 'Limited Editions', 77, 108.65, 'image47.jpg', '2025-05-04 12:52:32'),
('bcefb270-94c6-47ff-9581-5a13947ed0c6', 'Product 10', 'Description for product 10', 'Skateboards', 27, 125.34, 'image10.jpg', '2025-05-05 07:29:59'),
('be407bc8-2ad3-4e59-ac01-10641f75944b', 'Product 45', 'Description for product 45', 'Limited Editions', 66, 149.97, 'image45.jpg', '2025-05-04 12:52:32'),
('c0b02c76-7aa9-4371-8be3-7af90e6432f9', 'Product 22', 'Description for product 22', 'Limited Editions', 22, 58.46, 'image22.jpg', '2025-05-05 07:29:59'),
('c4811d01-3539-42ff-ad00-7d089f8c280e', 'Product 32', 'Description for product 32', 'Accessories', 16, 220.79, 'image32.jpg', '2025-05-04 12:52:32'),
('c54474dc-ea0c-4e5a-a613-59fd68b7e839', 'Product 48', 'Description for product 48', 'Shoes', 93, 87.49, 'image48.jpg', '2025-05-04 12:52:32'),
('c56a2fb3-3255-4d21-b2c2-7a07770aa2c9', 'Product 28', 'Description for product 28', 'Limited Editions', 94, 278.60, 'image28.jpg', '2025-05-04 12:52:32'),
('c5ce783f-5f26-45f5-9634-58e0015bc1e2', 'Product 38', 'Description for product 38', 'Limited Editions', 50, 22.15, 'image38.jpg', '2025-05-05 07:29:59'),
('c6107f4d-8396-4955-a277-9a745142ab3a', 'Product 45', 'Description for product 45', 'Accessories', 5, 31.87, 'image45.jpg', '2025-05-05 07:29:59'),
('cbe9bccf-e6fe-40ba-a4e3-5a6052456fc7', 'Product 85', 'Description for product 85', 'Others', 23, 427.58, 'image85.jpg', '2025-05-04 12:52:32'),
('d1eb55a5-4f86-4c31-9160-20402505e373', 'Product 44', 'Description for product 44', 'Shoes', 34, 73.93, 'image44.jpg', '2025-05-05 07:29:59'),
('d23279b3-57d3-4714-88f2-10a68ccc4957', 'Product 11', 'Description for product 11', 'Others', 64, 168.70, 'image11.jpg', '2025-05-04 12:52:32'),
('d28609a9-f8a0-4381-a7d8-127d08677452', 'Product 91', 'Description for product 91', 'Skateboards', 70, 68.77, 'image91.jpg', '2025-05-04 12:52:32'),
('d719da5b-9140-4357-9631-5458d7a977bc', 'Product 57', 'Description for product 57', 'Others', 33, 289.28, 'image57.jpg', '2025-05-04 12:52:32'),
('d858adc2-d8ce-4ad0-84c8-65cd251438f5', 'Product 83', 'Description for product 83', 'Others', 58, 490.74, 'image83.jpg', '2025-05-04 12:52:32'),
('d9d44cad-cf74-483b-b87f-e6d4cb9b4d39', 'Product 35', 'Description for product 35', 'Others', 89, 109.78, 'image35.jpg', '2025-05-04 12:52:32'),
('dc8e396d-4f86-4deb-a264-ce17a45bc176', 'Product 61', 'Description for product 61', 'Backpacks', 52, 232.91, 'image61.jpg', '2025-05-04 12:52:32'),
('dd466f08-f505-493f-b2e0-a15664b11176', 'Product 44', 'Description for product 44', 'Accessories', 84, 249.28, 'image44.jpg', '2025-05-04 12:52:32'),
('e93721a1-f603-4e0b-b6d3-6d4c7db10d42', 'Product 65', 'Description for product 65', 'Skateboards', 66, 71.89, 'image65.jpg', '2025-05-04 12:52:32'),
('ea6ee7e0-6b42-4fd4-8357-5d7bcbd3e156', 'Product 58', 'Description for product 58', 'Shoes', 61, 361.35, 'image58.jpg', '2025-05-04 12:52:32'),
('ed7caebc-8438-4dd4-aff4-7611d0e1467c', 'Product 19', 'Description for product 19', 'Accessories', 57, 184.21, 'image19.jpg', '2025-05-04 12:52:32'),
('edb649bd-ffd9-43c1-9457-e90371cc7ea9', 'Product 35', 'Description for product 35', 'Others', 3, 166.90, 'image35.jpg', '2025-05-05 07:29:59'),
('ee968ab4-e237-4cf6-986a-06a58332f36b', 'Product 14', 'Description for product 14', 'Backpacks', 95, 109.66, 'image14.jpg', '2025-05-05 07:29:59'),
('efe7837a-eaf1-493c-b72f-47df09fee48a', 'Product 37', 'Description for product 37', 'Shoes', 74, 17.49, 'image37.jpg', '2025-05-04 12:52:32'),
('f113b4ee-421c-49fb-85f5-f2b50e82538c', 'Product 79', 'Description for product 79', 'Skateboards', 28, 28.17, 'image79.jpg', '2025-05-04 12:52:32'),
('f5dab7e3-db77-4431-a65d-c25ec396342d', 'Product 33', 'Description for product 33', 'Clothing', 65, 39.80, 'image33.jpg', '2025-05-04 12:52:32'),
('fa83e9d6-602e-4727-887b-c943eacf260a', 'Product 42', 'Description for product 42', 'Backpacks', 24, 82.25, 'image42.jpg', '2025-05-04 12:52:32'),
('fbcf1a47-6845-4aeb-b5d3-8ff784ddbca4', 'Product 49', 'Description for product 49', 'Skateboards', 15, 28.28, 'image49.jpg', '2025-05-05 07:29:59'),
('fbd854d6-b2e9-451f-b403-839748a4cff9', 'Product 89', 'Description for product 89', 'Accessories', 90, 376.74, 'image89.jpg', '2025-05-04 12:52:32'),
('fc63f342-cb7c-4a62-8015-dbf62a97380f', 'Product 17', 'Description for product 17', 'Shoes', 80, 430.45, 'image17.jpg', '2025-05-04 12:52:32'),
('fdff3148-e206-4b75-bad7-fbda3df51a3e', 'Product 76', 'Description for product 76', 'Skateboards', 15, 267.51, 'image76.jpg', '2025-05-04 12:52:32'),
('ffc0a514-6eeb-4a67-a91f-0491bc9e6c68', 'Product 90', 'Description for product 90', 'Shoes', 74, 96.55, 'image90.jpg', '2025-05-04 12:52:32');

--
-- Indexes for dumped tables
--

--
-- Indeks untuk tabel `customers`
--
ALTER TABLE `customers`
  ADD PRIMARY KEY (`customer_id`);

--
-- Indeks untuk tabel `orders`
--
ALTER TABLE `orders`
  ADD PRIMARY KEY (`order_id`),
  ADD KEY `customer_id` (`customer_id`),
  ADD KEY `product_id` (`product_id`);

--
-- Indeks untuk tabel `products`
--
ALTER TABLE `products`
  ADD PRIMARY KEY (`product_id`);

--
-- Ketidakleluasaan untuk tabel pelimpahan (Dumped Tables)
--

--
-- Ketidakleluasaan untuk tabel `orders`
--
ALTER TABLE `orders`
  ADD CONSTRAINT `orders_ibfk_1` FOREIGN KEY (`customer_id`) REFERENCES `customers` (`customer_id`) ON DELETE SET NULL,
  ADD CONSTRAINT `orders_ibfk_2` FOREIGN KEY (`product_id`) REFERENCES `products` (`product_id`) ON DELETE SET NULL;
COMMIT;

/*!40101 SET CHARACTER_SET_CLIENT=@OLD_CHARACTER_SET_CLIENT */;
/*!40101 SET CHARACTER_SET_RESULTS=@OLD_CHARACTER_SET_RESULTS */;
/*!40101 SET COLLATION_CONNECTION=@OLD_COLLATION_CONNECTION */;
